timestamp,price
2026-03-06 00:45:00+00:00,
2026-03-06 00:50:00+00:00,0.9998372178881145
2026-03-06 00:55:00+00:00,0.999833875582311
2026-03-06 01:00:00+00:00,0.9998338760169587
2026-03-06 01:05:00+00:00,0.9998336688277767
2026-03-06 01:10:00+00:00,0.9998348492913391
2026-03-06 01:15:00+00:00,0.9998478923862721
2026-03-06 01:20:00+00:00,0.99984824897161
2026-03-06 01:25:00+00:00,0.9998482839452721
2026-03-06 01:30:00+00:00,0.9998535320896463
2026-03-06 01:35:00+00:00,0.9998535272074491
2026-03-06 01:40:00+00:00,0.9998533920511589
2026-03-06 01:45:00+00:00,0.9998566189799628
2026-03-06 01:50:00+00:00,0.9998512599230563
2026-03-06 01:55:00+00:00,0.9998513757230265
2026-03-06 02:00:00+00:00,0.9998513793560257
2026-03-06 02:05:00+00:00,0.9998514908241877
2026-03-06 02:10:00+00:00,0.9998515989666209
2026-03-06 02:15:00+00:00,0.9998516199466269
2026-03-06 02:20:00+00:00,0.9998516238497006
2026-03-06 02:25:00+00:00,0.9998515154945625
2026-03-06 02:30:00+00:00,0.9998516049425205
2026-03-06 02:35:00+00:00,0.9998513235318276
2026-03-06 02:40:00+00:00,0.9998511516415054
2026-03-06 02:45:00+00:00,0.9998496434477643
2026-03-06 02:50:00+00:00,0.9998496514490578
2026-03-06 02:55:00+00:00,0.9998496682030266
2026-03-06 03:00:00+00:00,0.9998496735136011
2026-03-06 03:05:00+00:00,0.9998495754982848
2026-03-06 03:10:00+00:00,0.9998495049984525
2026-03-06 03:15:00+00:00,0.9998491183981594
2026-03-06 03:20:00+00:00,0.9998491183981594
2026-03-06 03:25:00+00:00,0.9998485455490517
2026-03-06 03:30:00+00:00,0.9998450188394103
2026-03-06 03:35:00+00:00,0.9998450227901419
2026-03-06 03:40:00+00:00,0.9998450399643278
2026-03-06 03:45:00+00:00,0.9998450546008067
2026-03-06 03:50:00+00:00,0.9998465174642578
2026-03-06 03:55:00+00:00,0.9998465211231635
2026-03-06 04:00:00+00:00,0.9998465225328003
2026-03-06 04:05:00+00:00,0.9998455128603279
2026-03-06 04:10:00+00:00,0.9998450854563026
2026-03-06 04:15:00+00:00,0.9998450854563026
2026-03-06 04:20:00+00:00,0.9998450892371245
2026-03-06 04:25:00+00:00,0.9998447054846495
2026-03-06 04:30:00+00:00,0.9998427463386259
2026-03-06 04:35:00+00:00,0.9998442406395192
2026-03-06 04:40:00+00:00,0.9998425427602713
2026-03-06 04:45:00+00:00,0.9998446152269898
2026-03-06 04:50:00+00:00,0.9998446025690665
2026-03-06 04:55:00+00:00,0.9998446833017568
2026-03-06 05:00:00+00:00,0.9998446833017568
2026-03-06 05:05:00+00:00,0.9998446883987947
2026-03-06 05:10:00+00:00,0.9998447323039112
2026-03-06 05:15:00+00:00,0.9998447945587491
2026-03-06 05:20:00+00:00,0.9998444278664287
2026-03-06 05:25:00+00:00,0.9998444278664287
2026-03-06 05:30:00+00:00,0.9998443939507613
2026-03-06 05:35:00+00:00,0.9998446545781993
2026-03-06 05:40:00+00:00,0.9998446972095192
2026-03-06 05:45:00+00:00,0.9998445461512481
2026-03-06 05:50:00+00:00,0.9998444172978931
2026-03-06 05:55:00+00:00,0.9998466672041046
2026-03-06 06:00:00+00:00,0.9998466673992462
2026-03-06 06:05:00+00:00,0.9998466671857025
2026-03-06 06:10:00+00:00,0.9998436922502191
2026-03-06 06:15:00+00:00,0.9998436602901526
2026-03-06 06:20:00+00:00,0.9998436496171073
2026-03-06 06:25:00+00:00,0.9998436098195598
2026-03-06 06:30:00+00:00,0.9998405734775491
2026-03-06 06:35:00+00:00,0.9998407825126056
2026-03-06 06:40:00+00:00,0.999840898876026
2026-03-06 06:45:00+00:00,0.9998494555159347
2026-03-06 06:50:00+00:00,0.9998493043073732
2026-03-06 06:55:00+00:00,0.9998493245322143
2026-03-06 07:00:00+00:00,0.9998493245322143
2026-03-06 07:05:00+00:00,0.9998493864674356
2026-03-06 07:10:00+00:00,0.9998482202859921
2026-03-06 07:15:00+00:00,0.9998482202895383
2026-03-06 07:20:00+00:00,0.9998487955266332
2026-03-06 07:25:00+00:00,0.9998468457360006
2026-03-06 07:30:00+00:00,0.9998468927637425
2026-03-06 07:35:00+00:00,0.9998469220989876
2026-03-06 07:40:00+00:00,0.9998481051889881
2026-03-06 07:45:00+00:00,0.999849119833545
2026-03-06 07:50:00+00:00,0.999849119833545
2026-03-06 07:55:00+00:00,0.9998491217265536
2026-03-06 08:00:00+00:00,0.9998491330765926
2026-03-06 08:05:00+00:00,0.9998492357621499
2026-03-06 08:10:00+00:00,0.9998492364939395
2026-03-06 08:15:00+00:00,0.9998492376900439
2026-03-06 08:20:00+00:00,0.9998518843890493
2026-03-06 08:25:00+00:00,0.9998518426675682
2026-03-06 08:30:00+00:00,0.9998518794582809
2026-03-06 08:35:00+00:00,0.9998519255675239
2026-03-06 08:40:00+00:00,0.9998521409212272
2026-03-06 08:45:00+00:00,0.9998526477473042
2026-03-06 08:50:00+00:00,0.9998526498939843
2026-03-06 08:55:00+00:00,0.9998526914719548
2026-03-06 09:00:00+00:00,0.9998527119557422
2026-03-06 09:05:00+00:00,0.9998524418945204
2026-03-06 09:10:00+00:00,0.9998524929838635
2026-03-06 09:15:00+00:00,0.9998527876438821
2026-03-06 09:20:00+00:00,0.9998528914492576
2026-03-06 09:25:00+00:00,0.9998528080243682
2026-03-06 09:30:00+00:00,0.9998534138776313
2026-03-06 09:35:00+00:00,0.9998424882358667
2026-03-06 09:40:00+00:00,0.9998429632875322
2026-03-06 09:45:00+00:00,0.9998527853213546
2026-03-06 09:50:00+00:00,0.999864692658888
2026-03-06 09:55:00+00:00,0.9998647667138869
2026-03-06 10:00:00+00:00,0.9998647206962941
2026-03-06 10:05:00+00:00,0.9998744154960457
2026-03-06 10:10:00+00:00,0.9998744389945877
2026-03-06 10:15:00+00:00,0.9998745365227348
2026-03-06 10:20:00+00:00,0.9998767503473155
2026-03-06 10:25:00+00:00,0.9998774978473982
2026-03-06 10:30:00+00:00,0.999877737057212
2026-03-06 10:35:00+00:00,0.9998777842000159
2026-03-06 10:40:00+00:00,0.9998777948901347
2026-03-06 10:45:00+00:00,0.9998783595262863
2026-03-06 10:50:00+00:00,0.9998785945068922
2026-03-06 10:55:00+00:00,0.9998782974527237
2026-03-06 11:00:00+00:00,0.9998832844903249
2026-03-06 11:05:00+00:00,0.99988342150838
2026-03-06 11:10:00+00:00,0.999881712874715
2026-03-06 11:15:00+00:00,0.9998833527429812
2026-03-06 11:20:00+00:00,0.9998832998352014
2026-03-06 11:25:00+00:00,0.9998833339805332
2026-03-06 11:30:00+00:00,0.9998827795011458
2026-03-06 11:35:00+00:00,0.9998812954088577
2026-03-06 11:40:00+00:00,0.9998812954088577
2026-03-06 11:45:00+00:00,0.9998787591653655
2026-03-06 11:50:00+00:00,0.9998786719044809
2026-03-06 11:55:00+00:00,0.9998786148345932
2026-03-06 12:00:00+00:00,0.9998786538468651
2026-03-06 12:05:00+00:00,0.999878616402605
2026-03-06 12:10:00+00:00,0.9998786547013033
2026-03-06 12:15:00+00:00,0.9998866069773201
2026-03-06 12:20:00+00:00,0.9998864604334082
2026-03-06 12:25:00+00:00,0.9998863505786512
2026-03-06 12:30:00+00:00,0.999886166268056
2026-03-06 12:35:00+00:00,0.9998859486285333
2026-03-06 12:40:00+00:00,0.9998866051314563
2026-03-06 12:45:00+00:00,0.9998855859802319
2026-03-06 12:50:00+00:00,0.9998849900357212
2026-03-06 12:55:00+00:00,0.9998847737576737
2026-03-06 13:00:00+00:00,0.999884810675886
2026-03-06 13:05:00+00:00,0.9998847516118664
2026-03-06 13:10:00+00:00,0.9998848014624993
2026-03-06 13:15:00+00:00,0.9998847139393824
2026-03-06 13:20:00+00:00,0.9998838846795512
2026-03-06 13:25:00+00:00,0.9998882637234269
2026-03-06 13:30:00+00:00,0.9999551428261318
2026-03-06 13:35:00+00:00,0.9999551966284888
2026-03-06 13:40:00+00:00,0.9999548163922561
2026-03-06 13:45:00+00:00,0.999954794418704
2026-03-06 13:50:00+00:00,0.9999545118413029
2026-03-06 13:55:00+00:00,0.9999542624957486
2026-03-06 14:00:00+00:00,0.9999542352037151
2026-03-06 14:05:00+00:00,0.9999542088220181
2026-03-06 14:10:00+00:00,0.999954159030152
2026-03-06 14:15:00+00:00,0.9999538357854456
2026-03-06 14:20:00+00:00,0.9999566339250583
2026-03-06 14:25:00+00:00,0.9999560498631538
2026-03-06 14:30:00+00:00,0.9999564903672733
2026-03-06 14:35:00+00:00,0.9999568919781411
2026-03-06 14:40:00+00:00,0.9999570796416104
2026-03-06 14:45:00+00:00,0.99995701333601
2026-03-06 14:50:00+00:00,0.9999436924363709
2026-03-06 14:55:00+00:00,0.999943528564293
2026-03-06 15:00:00+00:00,0.9999434248516639
2026-03-06 15:05:00+00:00,0.9999434699309896
2026-03-06 15:10:00+00:00,0.9999531534695207
2026-03-06 15:15:00+00:00,0.9999537905536782
2026-03-06 15:20:00+00:00,0.9999547169130408
2026-03-06 15:25:00+00:00,0.9999611387026973
2026-03-06 15:30:00+00:00,0.9999611362781079
2026-03-06 15:35:00+00:00,0.9999731783902936
2026-03-06 15:40:00+00:00,0.9999689784691796
2026-03-06 15:45:00+00:00,0.9999684634462038
2026-03-06 15:50:00+00:00,0.9999730166515775
2026-03-06 15:55:00+00:00,0.9999729866049888
2026-03-06 16:00:00+00:00,0.9999828791559956
2026-03-06 16:05:00+00:00,0.9999828598208265
2026-03-06 16:10:00+00:00,0.99998178137021
2026-03-06 16:15:00+00:00,0.9999812364709036
2026-03-06 16:20:00+00:00,0.9999810235002489
2026-03-06 16:25:00+00:00,0.9999832368206534
2026-03-06 16:30:00+00:00,0.9999863623142534
2026-03-06 16:35:00+00:00,1.0000713155020218
2026-03-06 16:40:00+00:00,1.0000701572859698
2026-03-06 16:45:00+00:00,1.0000701981658515
2026-03-06 16:50:00+00:00,1.0000699642483666
2026-03-06 16:55:00+00:00,1.000069961403257
2026-03-06 17:00:00+00:00,1.0000707240026676
2026-03-06 17:05:00+00:00,1.0000707193949845
2026-03-06 17:10:00+00:00,1.0000708405764023
2026-03-06 17:15:00+00:00,1.0000707931440656
2026-03-06 17:20:00+00:00,1.0000695538471154
2026-03-06 17:25:00+00:00,1.000069154872422
2026-03-06 17:30:00+00:00,1.0000681607075905
2026-03-06 17:35:00+00:00,1.0000674084354035
2026-03-06 17:40:00+00:00,1.0000672297240354
2026-03-06 17:45:00+00:00,1.0000672336833223
2026-03-06 17:50:00+00:00,1.0000710730049531
2026-03-06 17:55:00+00:00,1.0000714432605726
2026-03-06 18:00:00+00:00,1.00007123661556
2026-03-06 18:05:00+00:00,1.000071127279229
2026-03-06 18:10:00+00:00,1.0000710950600176
2026-03-06 18:15:00+00:00,1.0000698163774655
2026-03-06 18:20:00+00:00,1.0000698163774655
2026-03-06 18:25:00+00:00,1.0000698163774655
2026-03-06 18:30:00+00:00,1.0000695705138885
2026-03-06 18:35:00+00:00,1.0000695730298235
2026-03-06 18:40:00+00:00,1.0000696022415967
2026-03-06 18:45:00+00:00,1.0000734865425156
2026-03-06 18:50:00+00:00,1.0000735071279079
2026-03-06 18:55:00+00:00,1.0000724681087259
2026-03-06 19:00:00+00:00,1.0000724690547766
2026-03-06 19:05:00+00:00,1.0000723660522983
2026-03-06 19:10:00+00:00,1.0000723548307118
2026-03-06 19:15:00+00:00,1.0000721131856187
2026-03-06 19:20:00+00:00,1.0000721804982433
2026-03-06 19:25:00+00:00,1.00007207004144
2026-03-06 19:30:00+00:00,1.0000712642262588
2026-03-06 19:35:00+00:00,1.000071186214121
2026-03-06 19:40:00+00:00,1.0000707666266369
2026-03-06 19:45:00+00:00,1.0000707381646188
2026-03-06 19:50:00+00:00,1.0000706784566564
2026-03-06 19:55:00+00:00,1.0000706139798667
2026-03-06 20:00:00+00:00,1.0000705645595893
2026-03-06 20:05:00+00:00,1.0000705090257571
2026-03-06 20:10:00+00:00,1.000070518861573
2026-03-06 20:15:00+00:00,1.0000704320798213
2026-03-06 20:20:00+00:00,1.000070591791911
2026-03-06 20:25:00+00:00,1.000070601137885
2026-03-06 20:30:00+00:00,1.000070612485285
2026-03-06 20:35:00+00:00,1.0000705994605894
2026-03-06 20:40:00+00:00,1.0000705741619953
2026-03-06 20:45:00+00:00,1.0000702965274508
2026-03-06 20:50:00+00:00,1.0000685839193173
2026-03-06 20:55:00+00:00,1.000068469780054
2026-03-06 21:00:00+00:00,1.0000683914041937
2026-03-06 21:05:00+00:00,1.0000683272448783
2026-03-06 21:10:00+00:00,1.0000681984368187
2026-03-06 21:15:00+00:00,1.000068061366979
2026-03-06 21:20:00+00:00,1.0000680021197195
2026-03-06 21:25:00+00:00,1.000068004813645
2026-03-06 21:30:00+00:00,1.000068004813645
2026-03-06 21:35:00+00:00,1.0000679651543418
2026-03-06 21:40:00+00:00,1.0000679109776427
2026-03-06 21:45:00+00:00,1.0000677392888666
2026-03-06 21:50:00+00:00,1.0000677271530407
2026-03-06 21:55:00+00:00,1.0000677107907356
2026-03-06 22:00:00+00:00,1.0000677535199285
2026-03-06 22:05:00+00:00,1.0000659595721761
2026-03-06 22:10:00+00:00,1.0000659026764251
2026-03-06 22:15:00+00:00,1.0000659026764251
2026-03-06 22:20:00+00:00,1.0000658920564724
2026-03-06 22:25:00+00:00,1.0000659946241657
2026-03-06 22:30:00+00:00,1.0000659721978418
2026-03-06 22:35:00+00:00,1.0000659727537848
2026-03-06 22:40:00+00:00,1.0000659336034992
2026-03-06 22:45:00+00:00,1.0000659217254195
2026-03-06 22:50:00+00:00,1.0000658850115842
2026-03-06 22:55:00+00:00,1.000065922192233
2026-03-06 23:00:00+00:00,1.0000659221940924
2026-03-06 23:05:00+00:00,1.0000659221940924
2026-03-06 23:10:00+00:00,1.0000659961217715
2026-03-06 23:15:00+00:00,1.000065996791023
2026-03-06 23:20:00+00:00,1.000065996791023
2026-03-06 23:25:00+00:00,1.0000652008400295
2026-03-06 23:30:00+00:00,1.0000651097328885
2026-03-06 23:35:00+00:00,1.0000651100311262
2026-03-06 23:40:00+00:00,1.0000651104029326
2026-03-06 23:45:00+00:00,1.0000576754044417
2026-03-06 23:50:00+00:00,1.000057422273516
2026-03-06 23:55:00+00:00,1.0000574731008056
2026-03-07 00:00:00+00:00,1.0000574616332525
2026-03-07 00:05:00+00:00,1.0000504330224873
2026-03-07 00:10:00+00:00,1.0000504336391856
2026-03-07 00:15:00+00:00,1.0000504498811578
2026-03-07 00:20:00+00:00,1.000051523911931
2026-03-07 00:25:00+00:00,1.0000515227712192
2026-03-07 00:30:00+00:00,1.0000514970000116
2026-03-07 00:35:00+00:00,1.0000514924127544
2026-03-07 00:40:00+00:00,1.0000512756854034
2026-03-07 00:45:00+00:00,1.0000512745262915
2026-03-07 00:50:00+00:00,1.000051272779939
2026-03-07 00:55:00+00:00,1.0000319128836535
2026-03-07 01:00:00+00:00,1.0000244808902414
2026-03-07 01:05:00+00:00,1.0000243575038
2026-03-07 01:10:00+00:00,1.0000243609153383
2026-03-07 01:15:00+00:00,1.000024346314109
2026-03-07 01:20:00+00:00,1.0000243418016117
2026-03-07 01:25:00+00:00,1.0000243571777225
2026-03-07 01:30:00+00:00,1.00002451370461
2026-03-07 01:35:00+00:00,1.000024512053629
2026-03-07 01:40:00+00:00,1.0000245315524958
2026-03-07 01:45:00+00:00,1.0000245279649216
2026-03-07 01:50:00+00:00,1.0000245279593338
2026-03-07 01:55:00+00:00,1.0000245226314175
2026-03-07 02:00:00+00:00,1.0000244014324062
2026-03-07 02:05:00+00:00,1.0000243856498174
2026-03-07 02:10:00+00:00,1.000024379943579
2026-03-07 02:15:00+00:00,1.000024379943579
2026-03-07 02:20:00+00:00,1.000024328531561
2026-03-07 02:25:00+00:00,1.0000243008133858
2026-03-07 02:30:00+00:00,1.0000243194046188
2026-03-07 02:35:00+00:00,1.0000243357636178
2026-03-07 02:40:00+00:00,1.0000242910734727
2026-03-07 02:45:00+00:00,1.0000242854403627
2026-03-07 02:50:00+00:00,1.0000241604590567
2026-03-07 02:55:00+00:00,1.0000232970991876
2026-03-07 03:00:00+00:00,1.0000232370081688
2026-03-07 03:05:00+00:00,1.0000196701258703
2026-03-07 03:10:00+00:00,1.0000196921042788
2026-03-07 03:15:00+00:00,1.0000191781173662
2026-03-07 03:20:00+00:00,1.0000180362647733
2026-03-07 03:25:00+00:00,1.0000180917658839
2026-03-07 03:30:00+00:00,1.0000180763854762
2026-03-07 03:35:00+00:00,1.000018024766151
2026-03-07 03:40:00+00:00,1.000018024766151
2026-03-07 03:45:00+00:00,1.000018020321268
2026-03-07 03:50:00+00:00,1.0000179459605152
2026-03-07 03:55:00+00:00,1.0000178339358818
2026-03-07 04:00:00+00:00,1.0000177223947866
2026-03-07 04:05:00+00:00,1.000018213377976
2026-03-07 04:10:00+00:00,1.0000182328279261
2026-03-07 04:15:00+00:00,1.000017769816413
2026-03-07 04:20:00+00:00,1.0000177961654553
2026-03-07 04:25:00+00:00,1.000017795241559
2026-03-07 04:30:00+00:00,1.0000177086838322
2026-03-07 04:35:00+00:00,1.0000177149159921
2026-03-07 04:40:00+00:00,1.0000176576383328
2026-03-07 04:45:00+00:00,1.0000176591369165
2026-03-07 04:50:00+00:00,1.0000176619309156
2026-03-07 04:55:00+00:00,1.000017661893583
2026-03-07 05:00:00+00:00,1.0000176610579516
2026-03-07 05:05:00+00:00,1.0000176610579516
2026-03-07 05:10:00+00:00,1.0000176610579516
2026-03-07 05:15:00+00:00,1.0000174440732836
2026-03-07 05:20:00+00:00,1.0000174797683121
2026-03-07 05:25:00+00:00,1.0000174822279093
2026-03-07 05:30:00+00:00,1.000017474374504
2026-03-07 05:35:00+00:00,1.0000175896203287
2026-03-07 05:40:00+00:00,1.0000177132130166
2026-03-07 05:45:00+00:00,1.0000177171999924
2026-03-07 05:50:00+00:00,1.0000177259495613
2026-03-07 05:55:00+00:00,1.000018685253012
2026-03-07 06:00:00+00:00,1.0000186847383037
2026-03-07 06:05:00+00:00,1.0000186903083965
2026-03-07 06:10:00+00:00,1.0000186903083965
2026-03-07 06:15:00+00:00,1.0000187059204761
2026-03-07 06:20:00+00:00,1.0000187079653609
2026-03-07 06:25:00+00:00,1.000018984163108
2026-03-07 06:30:00+00:00,1.0000185534620458
2026-03-07 06:35:00+00:00,1.0000186641130868
2026-03-07 06:40:00+00:00,1.0000186458299225
2026-03-07 06:45:00+00:00,1.0000186486184015
2026-03-07 06:50:00+00:00,1.0000186552765642
2026-03-07 06:55:00+00:00,1.0000186669267455
2026-03-07 07:00:00+00:00,1.0000176561286347
2026-03-07 07:05:00+00:00,1.0000174503105297
2026-03-07 07:10:00+00:00,1.0000169747970045
2026-03-07 07:15:00+00:00,1.000017402048939
2026-03-07 07:20:00+00:00,1.0000174048374162
2026-03-07 07:25:00+00:00,1.0000174057669087
2026-03-07 07:30:00+00:00,1.00001741460927
2026-03-07 07:35:00+00:00,1.0000174166248326
2026-03-07 07:40:00+00:00,1.0000173767918041
2026-03-07 07:45:00+00:00,1.0000173078787806
2026-03-07 07:50:00+00:00,1.0000173091735631
2026-03-07 07:55:00+00:00,1.00001731026159
2026-03-07 08:00:00+00:00,1.0000173266262973
2026-03-07 08:05:00+00:00,1.0000173493405116
2026-03-07 08:10:00+00:00,1.000021049896245
2026-03-07 08:15:00+00:00,1.0000205640336992
2026-03-07 08:20:00+00:00,1.00002017271542
2026-03-07 08:25:00+00:00,1.0000201722763358
2026-03-07 08:30:00+00:00,1.0000201411594818
2026-03-07 08:35:00+00:00,1.0000199841852018
2026-03-07 08:40:00+00:00,1.000019753545997
2026-03-07 08:45:00+00:00,1.0000184076007121
2026-03-07 08:50:00+00:00,1.000018360008756
2026-03-07 08:55:00+00:00,1.0000183627972346
2026-03-07 09:00:00+00:00,1.0000182467115701
2026-03-07 09:05:00+00:00,1.0000177476993342
2026-03-07 09:10:00+00:00,1.000017736545734
2026-03-07 09:15:00+00:00,1.0000176606127398
2026-03-07 09:20:00+00:00,1.0000177414626263
2026-03-07 09:25:00+00:00,1.0000175915243048
2026-03-07 09:30:00+00:00,1.000017543905554
2026-03-07 09:35:00+00:00,1.0000176187305474
2026-03-07 09:40:00+00:00,1.0000172585018066
2026-03-07 09:45:00+00:00,1.0000171979952204
2026-03-07 09:50:00+00:00,1.000017198460021
2026-03-07 09:55:00+00:00,1.0000171573487266
2026-03-07 10:00:00+00:00,1.0000171514199505
2026-03-07 10:05:00+00:00,1.000017081871054
2026-03-07 10:10:00+00:00,1.0000170418652872
2026-03-07 10:15:00+00:00,1.0000170430099844
2026-03-07 10:20:00+00:00,1.000016530696526
2026-03-07 10:25:00+00:00,1.0000164579054407
2026-03-07 10:30:00+00:00,1.0000164510838465
2026-03-07 10:35:00+00:00,1.000016457540982
2026-03-07 10:40:00+00:00,1.0000164599792984
2026-03-07 10:45:00+00:00,1.0000164207106204
2026-03-07 10:50:00+00:00,1.0000163491609053
2026-03-07 10:55:00+00:00,1.000016405220442
2026-03-07 11:00:00+00:00,1.0000160749000353
2026-03-07 11:05:00+00:00,1.0000160504915976
2026-03-07 11:10:00+00:00,1.0000133760032996
2026-03-07 11:15:00+00:00,1.0000130462559182
2026-03-07 11:20:00+00:00,1.000013001170879
2026-03-07 11:25:00+00:00,1.0000129584367545
2026-03-07 11:30:00+00:00,1.0000129442843106
2026-03-07 11:35:00+00:00,1.0000129404943499
2026-03-07 11:40:00+00:00,1.0000127768186784
2026-03-07 11:45:00+00:00,1.0000128089681166
2026-03-07 11:50:00+00:00,1.000012853155802
2026-03-07 11:55:00+00:00,1.0000128544563884
2026-03-07 12:00:00+00:00,1.0000127285311398
2026-03-07 12:05:00+00:00,1.0000127285051252
2026-03-07 12:10:00+00:00,1.000012668493895
2026-03-07 12:15:00+00:00,1.000012668493895
2026-03-07 12:20:00+00:00,1.0000126023136278
2026-03-07 12:25:00+00:00,1.000012632456018
2026-03-07 12:30:00+00:00,1.000012240636949
2026-03-07 12:35:00+00:00,1.0000122434239198
2026-03-07 12:40:00+00:00,1.0000122190238734
2026-03-07 12:45:00+00:00,1.0000122190238734
2026-03-07 12:50:00+00:00,1.0000121394580936
2026-03-07 12:55:00+00:00,1.0000119048769345
2026-03-07 13:00:00+00:00,1.0000118268779983
2026-03-07 13:05:00+00:00,1.0000117977904346
2026-03-07 13:10:00+00:00,1.0000117385287606
2026-03-07 13:15:00+00:00,1.000011764521998
2026-03-07 13:20:00+00:00,1.0000118354209198
2026-03-07 13:25:00+00:00,1.0000118342869184
2026-03-07 13:30:00+00:00,1.0000118335306447
2026-03-07 13:35:00+00:00,1.000011835354874
2026-03-07 13:40:00+00:00,1.0000066263306557
2026-03-07 13:45:00+00:00,1.0000065168569976
2026-03-07 13:50:00+00:00,1.000006461680095
2026-03-07 13:55:00+00:00,1.0000064579653376
2026-03-07 14:00:00+00:00,1.0000064174365129
2026-03-07 14:05:00+00:00,1.0000066147209303
2026-03-07 14:10:00+00:00,1.0000061086949121
2026-03-07 14:15:00+00:00,1.000011780123586
2026-03-07 14:20:00+00:00,1.00001171074881
2026-03-07 14:25:00+00:00,1.0000116887822221
2026-03-07 14:30:00+00:00,1.0000116844140885
2026-03-07 14:35:00+00:00,1.0000116844140885
2026-03-07 14:40:00+00:00,1.0000116748643224
2026-03-07 14:45:00+00:00,1.000011636857161
2026-03-07 14:50:00+00:00,1.000011609260727
2026-03-07 14:55:00+00:00,1.0000119827498601
2026-03-07 15:00:00+00:00,1.0000119223376067
2026-03-07 15:05:00+00:00,1.0000093641167132
2026-03-07 15:10:00+00:00,1.000005726375956
2026-03-07 15:15:00+00:00,1.0000057228908925
2026-03-07 15:20:00+00:00,1.000005350915426
2026-03-07 15:25:00+00:00,1.000005350915426
2026-03-07 15:30:00+00:00,1.0000052147289862
2026-03-07 15:35:00+00:00,1.0000052180683796
2026-03-07 15:40:00+00:00,1.000005210185419
2026-03-07 15:45:00+00:00,1.000005206453173
2026-03-07 15:50:00+00:00,1.0000051646364225
2026-03-07 15:55:00+00:00,1.000004602875331
2026-03-07 16:00:00+00:00,1.000006460849702
2026-03-07 16:05:00+00:00,1.000006447845046
2026-03-07 16:10:00+00:00,1.0000064553083077
2026-03-07 16:15:00+00:00,1.0000064598812481
2026-03-07 16:20:00+00:00,1.0000063816199574
2026-03-07 16:25:00+00:00,1.0000064077942554
2026-03-07 16:30:00+00:00,1.0000063502160659
2026-03-07 16:35:00+00:00,1.0000063374610106
2026-03-07 16:40:00+00:00,1.0000059812893762
2026-03-07 16:45:00+00:00,1.0000059618582557
2026-03-07 16:50:00+00:00,1.0000059349240682
2026-03-07 16:55:00+00:00,1.0000059741424376
2026-03-07 17:00:00+00:00,1.0000059400815837
2026-03-07 17:05:00+00:00,1.0000040694253072
2026-03-07 17:10:00+00:00,1.0000034402250917
2026-03-07 17:15:00+00:00,1.0000018560011301
2026-03-07 17:20:00+00:00,1.0000025305113005
2026-03-07 17:25:00+00:00,1.0000025306470377
2026-03-07 17:30:00+00:00,1.000002354350212
2026-03-07 17:35:00+00:00,1.0000023485457512
2026-03-07 17:40:00+00:00,1.0000021979294778
2026-03-07 17:45:00+00:00,1.0000019841834542
2026-03-07 17:50:00+00:00,1.0000018177623855
2026-03-07 17:55:00+00:00,1.0000015697256077
2026-03-07 18:00:00+00:00,1.0000015737528345
2026-03-07 18:05:00+00:00,1.0000030020599484
2026-03-07 18:10:00+00:00,1.0000025035941824
2026-03-07 18:15:00+00:00,1.0000025035941824
2026-03-07 18:20:00+00:00,1.0000025035941824
2026-03-07 18:25:00+00:00,1.00000248109187
2026-03-07 18:30:00+00:00,1.000002107595573
2026-03-07 18:35:00+00:00,1.000002108805565
2026-03-07 18:40:00+00:00,1.0000027650948904
2026-03-07 18:45:00+00:00,1.0000027181438114
2026-03-07 18:50:00+00:00,1.0000027181438114
2026-03-07 18:55:00+00:00,1.0000026811703648
2026-03-07 19:00:00+00:00,1.0000026811703648
2026-03-07 19:05:00+00:00,1.0000026926213088
2026-03-07 19:10:00+00:00,1.0000026898419536
2026-03-07 19:15:00+00:00,1.0000022574720773
2026-03-07 19:20:00+00:00,1.0000008798549906
2026-03-07 19:25:00+00:00,1.0000008798549906
2026-03-07 19:30:00+00:00,1.0000006299185957
2026-03-07 19:35:00+00:00,1.0000004819814605
2026-03-07 19:40:00+00:00,1.0000130365812243
2026-03-07 19:45:00+00:00,1.0000130365144457
2026-03-07 19:50:00+00:00,1.0000125140542269
2026-03-07 19:55:00+00:00,1.000012761957094
2026-03-07 20:00:00+00:00,1.0000131348768797
2026-03-07 20:05:00+00:00,1.0000131348768797
2026-03-07 20:10:00+00:00,1.0000131112789001
2026-03-07 20:15:00+00:00,1.0000130558194262
2026-03-07 20:20:00+00:00,1.0000130934836369
2026-03-07 20:25:00+00:00,1.0000131271647195
2026-03-07 20:30:00+00:00,1.0000140568191247
2026-03-07 20:35:00+00:00,1.000014020584251
2026-03-07 20:40:00+00:00,1.0000140040366032
2026-03-07 20:45:00+00:00,1.000013981767185
2026-03-07 20:50:00+00:00,1.000013981767185
2026-03-07 20:55:00+00:00,1.0000158323227886
2026-03-07 21:00:00+00:00,1.0000158351081834
2026-03-07 21:05:00+00:00,1.0000165892408566
2026-03-07 21:10:00+00:00,1.000016589912853
2026-03-07 21:15:00+00:00,1.000016598663143
2026-03-07 21:20:00+00:00,1.000016708635005
2026-03-07 21:25:00+00:00,1.0000167816007726
2026-03-07 21:30:00+00:00,1.000016785859829
2026-03-07 21:35:00+00:00,1.000016774258086
2026-03-07 21:40:00+00:00,1.0000167929912553
2026-03-07 21:45:00+00:00,1.0000167941994782
2026-03-07 21:50:00+00:00,1.0000167458877898
2026-03-07 21:55:00+00:00,1.0000167512463385
2026-03-07 22:00:00+00:00,1.000016750459535
2026-03-07 22:05:00+00:00,1.000016736853066
2026-03-07 22:10:00+00:00,1.0000167497475927
2026-03-07 22:15:00+00:00,1.0000161572841704
2026-03-07 22:20:00+00:00,1.0000161132499399
2026-03-07 22:25:00+00:00,1.0000156673481633
2026-03-07 22:30:00+00:00,1.0000156680015386
2026-03-07 22:35:00+00:00,1.0000156643548461
2026-03-07 22:40:00+00:00,1.000015634065847
2026-03-07 22:45:00+00:00,1.0000156354516507
2026-03-07 22:50:00+00:00,1.0000155834299205
2026-03-07 22:55:00+00:00,1.0000155834299205
2026-03-07 23:00:00+00:00,1.000015465191074
2026-03-07 23:05:00+00:00,1.000015465191074
2026-03-07 23:10:00+00:00,1.000015465191074
2026-03-07 23:15:00+00:00,1.0000154932050775
2026-03-07 23:20:00+00:00,1.0000154929265104
2026-03-07 23:25:00+00:00,1.0000154929265104
2026-03-07 23:30:00+00:00,1.0000154353750528
2026-03-07 23:35:00+00:00,1.0000152472485366
2026-03-07 23:40:00+00:00,1.0000152468432257
2026-03-07 23:45:00+00:00,1.0000152161605629
2026-03-07 23:50:00+00:00,1.0000152161605629
2026-03-07 23:55:00+00:00,1.0000149470866944
2026-03-08 00:00:00+00:00,1.0000149504290405
2026-03-08 00:05:00+00:00,1.0000149526531656
2026-03-08 00:10:00+00:00,1.0000149619168648
2026-03-08 00:15:00+00:00,1.0000149625110544
2026-03-08 00:20:00+00:00,1.0000149628483541
2026-03-08 00:25:00+00:00,1.0000149452853309
2026-03-08 00:30:00+00:00,1.0000149467081496
2026-03-08 00:35:00+00:00,1.0000149471385653
2026-03-08 00:40:00+00:00,1.0000150062473152
2026-03-08 00:45:00+00:00,1.0000150044190186
2026-03-08 00:50:00+00:00,1.000014778077406
2026-03-08 00:55:00+00:00,1.0000147699923763
2026-03-08 01:00:00+00:00,1.0000147664834471
2026-03-08 01:05:00+00:00,1.0000147659361345
2026-03-08 01:10:00+00:00,1.000014580320723
2026-03-08 01:15:00+00:00,1.0000140962044877
2026-03-08 01:20:00+00:00,1.0000140962743052
2026-03-08 01:25:00+00:00,1.0000140962037527
2026-03-08 01:30:00+00:00,1.0000141028700904
2026-03-08 01:35:00+00:00,1.0000141001747394
2026-03-08 01:40:00+00:00,1.0000141001747394
2026-03-08 01:45:00+00:00,1.0000141001747394
2026-03-08 01:50:00+00:00,1.0000142100691531
2026-03-08 01:55:00+00:00,1.0000135783392845
2026-03-08 02:00:00+00:00,1.000013578859197
2026-03-08 02:05:00+00:00,1.000013579490519
2026-03-08 02:10:00+00:00,1.0000132252706913
2026-03-08 02:15:00+00:00,1.0000147115296065
2026-03-08 02:20:00+00:00,1.0000147126884027
2026-03-08 02:25:00+00:00,1.0000147166487403
2026-03-08 02:30:00+00:00,1.000014751683072
2026-03-08 02:35:00+00:00,1.0000146944666557
2026-03-08 02:40:00+00:00,1.000014702799202
2026-03-08 02:45:00+00:00,1.000014803056099
2026-03-08 02:50:00+00:00,1.0000148200581802
2026-03-08 02:55:00+00:00,1.0000148388758914
2026-03-08 03:00:00+00:00,1.0000148421375075
2026-03-08 03:05:00+00:00,1.0000149205342905
2026-03-08 03:10:00+00:00,1.0000149279659603
2026-03-08 03:15:00+00:00,1.0000145905946343
2026-03-08 03:20:00+00:00,1.0000149473092101
2026-03-08 03:25:00+00:00,1.0000149510971448
2026-03-08 03:30:00+00:00,1.0000149548850796
2026-03-08 03:35:00+00:00,1.0000147691992498
2026-03-08 03:40:00+00:00,1.0000148179649182
2026-03-08 03:45:00+00:00,1.0000155570495242
2026-03-08 03:50:00+00:00,1.0000166369290175
2026-03-08 03:55:00+00:00,1.0000166369290175
2026-03-08 04:00:00+00:00,1.0000166638401689
2026-03-08 04:05:00+00:00,1.0000166629116598
2026-03-08 04:10:00+00:00,1.0000166629116598
2026-03-08 04:15:00+00:00,1.0000163362692802
2026-03-08 04:20:00+00:00,1.0000163421627624
2026-03-08 04:25:00+00:00,1.0000143210484875
2026-03-08 04:30:00+00:00,1.0000142717259326
2026-03-08 04:35:00+00:00,1.0000097852577188
2026-03-08 04:40:00+00:00,1.000009704657469
2026-03-08 04:45:00+00:00,1.0000096992842882
2026-03-08 04:50:00+00:00,1.0000097071262595
2026-03-08 04:55:00+00:00,0.9999888038497312
2026-03-08 05:00:00+00:00,0.9999886316017516
2026-03-08 05:05:00+00:00,0.9999894339690002
2026-03-08 05:10:00+00:00,0.9999893218902154
2026-03-08 05:15:00+00:00,0.999989381581794
2026-03-08 05:20:00+00:00,0.9999893913103405
2026-03-08 05:25:00+00:00,0.9999894501820468
2026-03-08 05:30:00+00:00,0.9999894729468534
2026-03-08 05:35:00+00:00,0.9999894669786669
2026-03-08 05:40:00+00:00,0.9999893159989262
2026-03-08 05:45:00+00:00,0.9999891844423338
2026-03-08 05:50:00+00:00,0.9999890339973672
2026-03-08 05:55:00+00:00,0.999989034552569
2026-03-08 06:00:00+00:00,0.9999891714874904
2026-03-08 06:05:00+00:00,0.9999891559432151
2026-03-08 06:10:00+00:00,0.9999891384688934
2026-03-08 06:15:00+00:00,0.9999891963797968
2026-03-08 06:20:00+00:00,0.9999892151808284
2026-03-08 06:25:00+00:00,0.9999892151389336
2026-03-08 06:30:00+00:00,0.9999892392358605
2026-03-08 06:35:00+00:00,0.9999905111125563
2026-03-08 06:40:00+00:00,0.9999905276588512
2026-03-08 06:45:00+00:00,0.9999905472532858
2026-03-08 06:50:00+00:00,0.999990547846513
2026-03-08 06:55:00+00:00,0.999990547846513
2026-03-08 07:00:00+00:00,0.9999905044401347
2026-03-08 07:05:00+00:00,0.9999904430398865
2026-03-08 07:10:00+00:00,0.9999904680788656
2026-03-08 07:15:00+00:00,0.9999904684610541
2026-03-08 07:20:00+00:00,0.9999904716336206
2026-03-08 07:25:00+00:00,0.9999904692542331
2026-03-08 07:30:00+00:00,0.9999899876875387
2026-03-08 07:35:00+00:00,0.9999900003010156
2026-03-08 07:40:00+00:00,0.9999906701836614
2026-03-08 07:45:00+00:00,0.9999907383809644
2026-03-08 07:50:00+00:00,0.9999907722216888
2026-03-08 07:55:00+00:00,0.999990770741305
2026-03-08 08:00:00+00:00,0.9999907755239535
2026-03-08 08:05:00+00:00,0.9999907831381167
2026-03-08 08:10:00+00:00,0.9999908317050694
2026-03-08 08:15:00+00:00,0.9999908291669916
2026-03-08 08:20:00+00:00,0.9999908357096124
2026-03-08 08:25:00+00:00,0.9999908319042319
2026-03-08 08:30:00+00:00,0.9999908299113762
2026-03-08 08:35:00+00:00,0.9999908299113762
2026-03-08 08:40:00+00:00,0.9999908334451837
2026-03-08 08:45:00+00:00,0.9999904649549298
2026-03-08 08:50:00+00:00,0.9999904759546736
2026-03-08 08:55:00+00:00,0.9999905001256978
2026-03-08 09:00:00+00:00,0.9999905560912222
2026-03-08 09:05:00+00:00,0.9999900055388564
2026-03-08 09:10:00+00:00,0.9999900050255947
2026-03-08 09:15:00+00:00,0.9999900827918775
2026-03-08 09:20:00+00:00,0.999990039149001
2026-03-08 09:25:00+00:00,0.9999896710914247
2026-03-08 09:30:00+00:00,0.9999896710914247
2026-03-08 09:35:00+00:00,0.9999897507262624
2026-03-08 09:40:00+00:00,0.9999897691959354
2026-03-08 09:45:00+00:00,0.9999897565952512
2026-03-08 09:50:00+00:00,0.9999897521878909
2026-03-08 09:55:00+00:00,0.9999897521878909
2026-03-08 10:00:00+00:00,0.9999897493364509
2026-03-08 10:05:00+00:00,0.999989734005186
2026-03-08 10:10:00+00:00,0.9999897924493818
2026-03-08 10:15:00+00:00,0.9999898072088184
2026-03-08 10:20:00+00:00,0.9999899844510347
2026-03-08 10:25:00+00:00,0.9999901298567547
2026-03-08 10:30:00+00:00,0.9999901292405153
2026-03-08 10:35:00+00:00,0.9999901304248329
2026-03-08 10:40:00+00:00,0.9999901656675467
2026-03-08 10:45:00+00:00,0.9999901961939845
2026-03-08 10:50:00+00:00,0.9999898536350266
2026-03-08 10:55:00+00:00,0.9999898370943805
2026-03-08 11:00:00+00:00,0.9999900060339318
2026-03-08 11:05:00+00:00,0.9999900105139172
2026-03-08 11:10:00+00:00,0.9999911476277257
2026-03-08 11:15:00+00:00,0.9999910877559907
2026-03-08 11:20:00+00:00,0.9999910877745402
2026-03-08 11:25:00+00:00,0.9999910932738039
2026-03-08 11:30:00+00:00,0.9999910870892359
2026-03-08 11:35:00+00:00,0.9999910823251102
2026-03-08 11:40:00+00:00,0.9999915434644306
2026-03-08 11:45:00+00:00,0.9999917079331427
2026-03-08 11:50:00+00:00,0.999991543902636
2026-03-08 11:55:00+00:00,0.9999915399235985
2026-03-08 12:00:00+00:00,0.99999071357783
2026-03-08 12:05:00+00:00,0.999990762431399
2026-03-08 12:10:00+00:00,0.9999912416203317
2026-03-08 12:15:00+00:00,0.9999928961188211
2026-03-08 12:20:00+00:00,0.999992909231472
2026-03-08 12:25:00+00:00,0.9999931663890124
2026-03-08 12:30:00+00:00,0.9999926914074502
2026-03-08 12:35:00+00:00,0.9999927065013655
2026-03-08 12:40:00+00:00,0.9999927065013655
2026-03-08 12:45:00+00:00,0.9999899053612124
2026-03-08 12:50:00+00:00,0.9999894604551613
2026-03-08 12:55:00+00:00,0.9999936172742524
2026-03-08 13:00:00+00:00,0.9999936172742524
2026-03-08 13:05:00+00:00,0.9999936406391485
2026-03-08 13:10:00+00:00,0.9999936343519215
2026-03-08 13:15:00+00:00,0.9999936732545686
2026-03-08 13:20:00+00:00,0.9999942089732049
2026-03-08 13:25:00+00:00,0.9999942054130463
2026-03-08 13:30:00+00:00,0.9999944082851069
2026-03-08 13:35:00+00:00,0.9999944117542322
2026-03-08 13:40:00+00:00,0.9999945476621379
2026-03-08 13:45:00+00:00,0.9999953225918469
2026-03-08 13:50:00+00:00,0.9999947370140382
2026-03-08 13:55:00+00:00,0.9999947370140382
2026-03-08 14:00:00+00:00,0.9999947466953243
2026-03-08 14:05:00+00:00,0.9999947477523637
2026-03-08 14:10:00+00:00,0.9999953165209235
2026-03-08 14:15:00+00:00,0.9999953165209235
2026-03-08 14:20:00+00:00,0.9999952950701637
2026-03-08 14:25:00+00:00,0.9999951577115411
2026-03-08 14:30:00+00:00,0.9999951573098259
2026-03-08 14:35:00+00:00,0.999995145428362
2026-03-08 14:40:00+00:00,0.9999952036653708
2026-03-08 14:45:00+00:00,0.9999951863691806
2026-03-08 14:50:00+00:00,0.9999951901748858
2026-03-08 14:55:00+00:00,0.9999952628951462
2026-03-08 15:00:00+00:00,0.9999952745225836
2026-03-08 15:05:00+00:00,0.9999922494360566
2026-03-08 15:10:00+00:00,0.9999922244653694
2026-03-08 15:15:00+00:00,0.9999922241583638
2026-03-08 15:20:00+00:00,0.9999922374156626
2026-03-08 15:25:00+00:00,0.9999921762763279
2026-03-08 15:30:00+00:00,0.9999919416727828
2026-03-08 15:35:00+00:00,0.9999912278692439
2026-03-08 15:40:00+00:00,0.9999912879896053
2026-03-08 15:45:00+00:00,0.9999913151733163
2026-03-08 15:50:00+00:00,0.9999903253701283
2026-03-08 15:55:00+00:00,0.9999903253335061
2026-03-08 16:00:00+00:00,0.9999903957222864
2026-03-08 16:05:00+00:00,0.9999904316464013
2026-03-08 16:10:00+00:00,0.999990427130016
2026-03-08 16:15:00+00:00,0.9999908731766037
2026-03-08 16:20:00+00:00,0.9999912384294267
2026-03-08 16:25:00+00:00,0.9999910672658228
2026-03-08 16:30:00+00:00,0.9999918280008485
2026-03-08 16:35:00+00:00,0.9999917755189486
2026-03-08 16:40:00+00:00,0.9999918595823677
2026-03-08 16:45:00+00:00,0.9999918576266505
2026-03-08 16:50:00+00:00,0.9999926149591739
2026-03-08 16:55:00+00:00,0.9999925908247035
2026-03-08 17:00:00+00:00,0.9999926300054257
2026-03-08 17:05:00+00:00,0.9999925559277731
2026-03-08 17:10:00+00:00,0.9999925576668889
2026-03-08 17:15:00+00:00,0.9999926010742705
2026-03-08 17:20:00+00:00,0.999992557265342
2026-03-08 17:25:00+00:00,0.9999934570050373
2026-03-08 17:30:00+00:00,0.9999970053700071
2026-03-08 17:35:00+00:00,0.9999969142250886
2026-03-08 17:40:00+00:00,1.0000045731937408
2026-03-08 17:45:00+00:00,1.0000059040389448
2026-03-08 17:50:00+00:00,1.0000058584057303
2026-03-08 17:55:00+00:00,1.0000058626980022
2026-03-08 18:00:00+00:00,1.0000057975860188
2026-03-08 18:05:00+00:00,1.0000098188733144
2026-03-08 18:10:00+00:00,1.0000098189528979
2026-03-08 18:15:00+00:00,1.000011706540929
2026-03-08 18:20:00+00:00,1.0000116498563767
2026-03-08 18:25:00+00:00,1.0000116469809948
2026-03-08 18:30:00+00:00,1.0000116105905372
2026-03-08 18:35:00+00:00,1.0000116105905372
2026-03-08 18:40:00+00:00,1.0000115693759557
2026-03-08 18:45:00+00:00,1.0000115693475078
2026-03-08 18:50:00+00:00,1.000027757090221
2026-03-08 18:55:00+00:00,1.0000277303733698
2026-03-08 19:00:00+00:00,1.0000277797896109
2026-03-08 19:05:00+00:00,1.0000055614202499
2026-03-08 19:10:00+00:00,1.0000056066509977
2026-03-08 19:15:00+00:00,1.000005149136801
2026-03-08 19:20:00+00:00,1.000005125915912
2026-03-08 19:25:00+00:00,1.0000053569166025
2026-03-08 19:30:00+00:00,1.0000053588540634
2026-03-08 19:35:00+00:00,1.000005311323914
2026-03-08 19:40:00+00:00,1.000005392650305
2026-03-08 19:45:00+00:00,1.0000053922227934
2026-03-08 19:50:00+00:00,1.0000053925627597
2026-03-08 19:55:00+00:00,1.0000056919838767
2026-03-08 20:00:00+00:00,1.0000056920635088
2026-03-08 20:05:00+00:00,1.000005701073674
2026-03-08 20:10:00+00:00,1.0000057102866158
2026-03-08 20:15:00+00:00,1.0000057153953792
2026-03-08 20:20:00+00:00,1.0000057636229704
2026-03-08 20:25:00+00:00,1.000005365058442
2026-03-08 20:30:00+00:00,1.00000536483979
2026-03-08 20:35:00+00:00,1.00000536483979
2026-03-08 20:40:00+00:00,1.0000081576565643
2026-03-08 20:45:00+00:00,1.000008127342841
2026-03-08 20:50:00+00:00,1.0000073850241737
2026-03-08 20:55:00+00:00,1.000007259297743
2026-03-08 21:00:00+00:00,1.0000072383040284
2026-03-08 21:05:00+00:00,1.000007236477069
2026-03-08 21:10:00+00:00,1.0000072527338497
2026-03-08 21:15:00+00:00,1.0000072527338497
2026-03-08 21:20:00+00:00,1.0000073389477444
2026-03-08 21:25:00+00:00,1.0000073389477444
2026-03-08 21:30:00+00:00,1.0000110510745321
2026-03-08 21:35:00+00:00,1.0000110383506369
2026-03-08 21:40:00+00:00,1.0000106209310422
2026-03-08 21:45:00+00:00,1.0000106013935708
2026-03-08 21:50:00+00:00,1.0000106651904224
2026-03-08 21:55:00+00:00,1.0000107510287126
2026-03-08 22:00:00+00:00,1.0000107410789483
2026-03-08 22:05:00+00:00,1.0000203640915446
2026-03-08 22:10:00+00:00,1.0000211677502613
2026-03-08 22:15:00+00:00,1.0000212566794464
2026-03-08 22:20:00+00:00,1.0000212566794464
2026-03-08 22:25:00+00:00,1.0000212817158634
2026-03-08 22:30:00+00:00,1.0000212188336286
2026-03-08 22:35:00+00:00,1.0000210317623859
2026-03-08 22:40:00+00:00,1.0000208781147388
2026-03-08 22:45:00+00:00,1.0000207996781072
2026-03-08 22:50:00+00:00,1.0000206498059743
2026-03-08 22:55:00+00:00,1.0000205795675174
2026-03-08 23:00:00+00:00,1.0000205799059319
2026-03-08 23:05:00+00:00,1.0000205819811996
2026-03-08 23:10:00+00:00,1.0000205860644278
2026-03-08 23:15:00+00:00,1.000020574465506
2026-03-08 23:20:00+00:00,1.0000205794763657
2026-03-08 23:25:00+00:00,1.0000205636405883
2026-03-08 23:30:00+00:00,1.0000205636405883
2026-03-08 23:35:00+00:00,1.0000205636946833
2026-03-08 23:40:00+00:00,1.000020430126648
2026-03-08 23:45:00+00:00,1.0000203038463795
2026-03-08 23:50:00+00:00,1.0000203083187742
2026-03-08 23:55:00+00:00,1.0000202196934302
2026-03-09 00:00:00+00:00,1.0000198528344213
2026-03-09 00:05:00+00:00,1.000019503236761
2026-03-09 00:10:00+00:00,1.0000191363781514
2026-03-09 00:15:00+00:00,1.000019150120036
2026-03-09 00:20:00+00:00,1.0000190191663858
2026-03-09 00:25:00+00:00,1.0000192319170502
2026-03-09 00:30:00+00:00,1.000019270751876
2026-03-09 00:35:00+00:00,1.0000200152007421
2026-03-09 00:40:00+00:00,1.0000205079855717
2026-03-09 00:45:00+00:00,1.0000205179112056
2026-03-09 00:50:00+00:00,1.0000168194610723
2026-03-09 00:55:00+00:00,1.0000168192430956
2026-03-09 01:00:00+00:00,1.0000169169084525
2026-03-09 01:05:00+00:00,1.0000168178069948
2026-03-09 01:10:00+00:00,1.000016764252908
2026-03-09 01:15:00+00:00,1.0000167639904156
2026-03-09 01:20:00+00:00,1.0000163360804173
2026-03-09 01:25:00+00:00,1.0000160984032296
2026-03-09 01:30:00+00:00,1.0000161460693155
2026-03-09 01:35:00+00:00,1.0000162247165527
2026-03-09 01:40:00+00:00,1.000016249388177
2026-03-09 01:45:00+00:00,1.0000157323008252
2026-03-09 01:50:00+00:00,1.0000157350858452
2026-03-09 01:55:00+00:00,1.0000156117759824
2026-03-09 02:00:00+00:00,1.0000156169750236
2026-03-09 02:05:00+00:00,1.0000149590562055
2026-03-09 02:10:00+00:00,1.000014922210832
2026-03-09 02:15:00+00:00,1.0000152160271976
2026-03-09 02:20:00+00:00,1.0000152159878224
2026-03-09 02:25:00+00:00,1.000015244054688
2026-03-09 02:30:00+00:00,1.00001524023052
2026-03-09 02:35:00+00:00,1.0000151748854933
2026-03-09 02:40:00+00:00,1.0000151032323426
2026-03-09 02:45:00+00:00,1.0000150675953008
2026-03-09 02:50:00+00:00,1.000013134151714
2026-03-09 02:55:00+00:00,1.0000131826049417
2026-03-09 03:00:00+00:00,1.0000131841917783
2026-03-09 03:05:00+00:00,1.0000111354972328
2026-03-09 03:10:00+00:00,1.0000111230552702
2026-03-09 03:15:00+00:00,1.000010826569435
2026-03-09 03:20:00+00:00,1.0000572364766052
2026-03-09 03:25:00+00:00,1.0000579371033433
2026-03-09 03:30:00+00:00,1.0000579232769833
2026-03-09 03:35:00+00:00,1.0000588501964311
2026-03-09 03:40:00+00:00,1.0000589806466869
2026-03-09 03:45:00+00:00,1.0000589806466869
2026-03-09 03:50:00+00:00,1.0000589080458686
2026-03-09 03:55:00+00:00,1.0000572982639424
2026-03-09 04:00:00+00:00,1.000057294494959
2026-03-09 04:05:00+00:00,1.0000569621564936
2026-03-09 04:10:00+00:00,1.0000569412440117
2026-03-09 04:15:00+00:00,1.000056960314909
2026-03-09 04:20:00+00:00,1.0000569202994574
2026-03-09 04:25:00+00:00,1.0000568531699114
2026-03-09 04:30:00+00:00,1.000056806955771
2026-03-09 04:35:00+00:00,1.0000568082554735
2026-03-09 04:40:00+00:00,1.00005682293016
2026-03-09 04:45:00+00:00,1.0000568222837523
2026-03-09 04:50:00+00:00,1.000056796303441
2026-03-09 04:55:00+00:00,1.0000567591587444
2026-03-09 05:00:00+00:00,1.0000567680582364
2026-03-09 05:05:00+00:00,1.0000567004593544
2026-03-09 05:10:00+00:00,1.000056704971005
2026-03-09 05:15:00+00:00,1.0000567213833014
2026-03-09 05:20:00+00:00,1.0000570927879615
2026-03-09 05:25:00+00:00,1.000053007118489
2026-03-09 05:30:00+00:00,1.0000530281138647
2026-03-09 05:35:00+00:00,1.0000535518071547
2026-03-09 05:40:00+00:00,1.0000533632571107
2026-03-09 05:45:00+00:00,1.0000533410488612
2026-03-09 05:50:00+00:00,1.000053365010396
2026-03-09 05:55:00+00:00,1.0000532490943028
2026-03-09 06:00:00+00:00,1.0000529573410102
2026-03-09 06:05:00+00:00,1.0000503118446673
2026-03-09 06:10:00+00:00,1.000050299405092
2026-03-09 06:15:00+00:00,1.0000502953655999
2026-03-09 06:20:00+00:00,1.0000502953655999
2026-03-09 06:25:00+00:00,1.0000503230017452
2026-03-09 06:30:00+00:00,1.0000503837214432
2026-03-09 06:35:00+00:00,1.0000502399432323
2026-03-09 06:40:00+00:00,1.000050240550754
2026-03-09 06:45:00+00:00,1.000050258043677
2026-03-09 06:50:00+00:00,1.0000469811767465
2026-03-09 06:55:00+00:00,1.0000471146629715
2026-03-09 07:00:00+00:00,1.000047274540914
2026-03-09 07:05:00+00:00,1.0000456296807956
2026-03-09 07:10:00+00:00,1.0000456484119329
2026-03-09 07:15:00+00:00,1.0000456469264185
2026-03-09 07:20:00+00:00,1.000045649742995
2026-03-09 07:25:00+00:00,1.000045327696986
2026-03-09 07:30:00+00:00,1.0000453371759785
2026-03-09 07:35:00+00:00,1.0000438035390553
2026-03-09 07:40:00+00:00,1.0000438771455828
2026-03-09 07:45:00+00:00,1.0000434280195318
2026-03-09 07:50:00+00:00,1.000043458878388
2026-03-09 07:55:00+00:00,1.0000392543158043
2026-03-09 08:00:00+00:00,1.000038572827244
2026-03-09 08:05:00+00:00,1.0000381024155591
2026-03-09 08:10:00+00:00,1.000038133603392
2026-03-09 08:15:00+00:00,1.000038133603392
2026-03-09 08:20:00+00:00,1.0000381303292019
2026-03-09 08:25:00+00:00,1.00003829834911
2026-03-09 08:30:00+00:00,1.0000376645626912
2026-03-09 08:35:00+00:00,1.0001341187516222
2026-03-09 08:40:00+00:00,1.0001341270842736
2026-03-09 08:45:00+00:00,1.0001340433426151
2026-03-09 08:50:00+00:00,1.000134031708448
2026-03-09 08:55:00+00:00,1.0001340165441235
2026-03-09 09:00:00+00:00,1.0001319844745236
2026-03-09 09:05:00+00:00,1.0001319743240684
2026-03-09 09:10:00+00:00,1.0001307996008963
2026-03-09 09:15:00+00:00,1.0001308106949387
2026-03-09 09:20:00+00:00,1.0001306902386602
2026-03-09 09:25:00+00:00,1.000130696702738
2026-03-09 09:30:00+00:00,1.0001304010427798
2026-03-09 09:35:00+00:00,1.0001302788508708
2026-03-09 09:40:00+00:00,1.0001301554023252
2026-03-09 09:45:00+00:00,1.0001302545615216
2026-03-09 09:50:00+00:00,1.000130206432045
2026-03-09 09:55:00+00:00,1.0001300337211736
2026-03-09 10:00:00+00:00,1.000130034104422
2026-03-09 10:05:00+00:00,1.000129972520943
2026-03-09 10:10:00+00:00,1.000128740194477
2026-03-09 10:15:00+00:00,1.0001287427413714
2026-03-09 10:20:00+00:00,1.000128193461662
2026-03-09 10:25:00+00:00,1.000128193175567
2026-03-09 10:30:00+00:00,1.0001281903655266
2026-03-09 10:35:00+00:00,1.000128679767968
2026-03-09 10:40:00+00:00,1.0001287270478119
2026-03-09 10:45:00+00:00,1.0001286525676651
2026-03-09 10:50:00+00:00,1.0001286812847434
2026-03-09 10:55:00+00:00,1.0001286776395304
2026-03-09 11:00:00+00:00,1.0001286987580238
2026-03-09 11:05:00+00:00,1.0001279038863262
2026-03-09 11:10:00+00:00,1.000128740935417
2026-03-09 11:15:00+00:00,1.0001285133609557
2026-03-09 11:20:00+00:00,1.0001285790818675
2026-03-09 11:25:00+00:00,1.0001284876008858
2026-03-09 11:30:00+00:00,1.0001284294598702
2026-03-09 11:35:00+00:00,1.000128348901937
2026-03-09 11:40:00+00:00,1.0001283469469615
2026-03-09 11:45:00+00:00,1.0001282702518621
2026-03-09 11:50:00+00:00,1.0001282669236566
2026-03-09 11:55:00+00:00,1.0001282679682975
2026-03-09 12:00:00+00:00,1.0001282285258486
2026-03-09 12:05:00+00:00,1.000127997143625
2026-03-09 12:10:00+00:00,1.000127999878574
2026-03-09 12:15:00+00:00,1.0001277904244954
2026-03-09 12:20:00+00:00,1.0001269755283189
2026-03-09 12:25:00+00:00,1.0001357426279895
2026-03-09 12:30:00+00:00,1.0001357099206405
2026-03-09 12:35:00+00:00,1.0001356851565404
2026-03-09 12:40:00+00:00,1.0001351353169248
2026-03-09 12:45:00+00:00,1.0001350050367437
2026-03-09 12:50:00+00:00,1.0001350097742963
2026-03-09 12:55:00+00:00,1.0001349589061839
2026-03-09 13:00:00+00:00,1.0001104680581547
2026-03-09 13:05:00+00:00,1.0001103719492421
2026-03-09 13:10:00+00:00,1.0001102634782348
2026-03-09 13:15:00+00:00,1.000110257312662
2026-03-09 13:20:00+00:00,1.0001100894041213
2026-03-09 13:25:00+00:00,1.0001097749824635
2026-03-09 13:30:00+00:00,1.0001096853010425
2026-03-09 13:35:00+00:00,1.0001089426975485
2026-03-09 13:40:00+00:00,1.000100160690861
2026-03-09 13:45:00+00:00,1.0000983172650688
2026-03-09 13:50:00+00:00,1.0000923333489882
2026-03-09 13:55:00+00:00,1.0000505280524645
2026-03-09 14:00:00+00:00,1.0000499256955027
2026-03-09 14:05:00+00:00,1.0000495711601405
2026-03-09 14:10:00+00:00,1.0000495711601405
2026-03-09 14:15:00+00:00,1.0000494724142852
2026-03-09 14:20:00+00:00,1.0000494681996617
2026-03-09 14:25:00+00:00,1.0000424442227926
2026-03-09 14:30:00+00:00,1.00004244375091
2026-03-09 14:35:00+00:00,1.0000427495036381
2026-03-09 14:40:00+00:00,1.000042788003237
2026-03-09 14:45:00+00:00,1.0000427290164213
2026-03-09 14:50:00+00:00,1.0000424301397406
2026-03-09 14:55:00+00:00,1.0000416007101391
2026-03-09 15:00:00+00:00,1.0000348158706962
2026-03-09 15:05:00+00:00,1.0000348185535803
2026-03-09 15:10:00+00:00,1.0000330412756364
2026-03-09 15:15:00+00:00,1.0000330417947603
2026-03-09 15:20:00+00:00,1.0000331324614369
2026-03-09 15:25:00+00:00,1.000033155906382
2026-03-09 15:30:00+00:00,1.000033060721204
2026-03-09 15:35:00+00:00,1.0000326404878686
2026-03-09 15:40:00+00:00,1.0000319111708211
2026-03-09 15:45:00+00:00,1.0000309234318763
2026-03-09 15:50:00+00:00,1.0000307703414972
2026-03-09 15:55:00+00:00,1.000030465664628
2026-03-09 16:00:00+00:00,1.0000305712895914
2026-03-09 16:05:00+00:00,1.0000303833430308
2026-03-09 16:10:00+00:00,1.0000301603532478
2026-03-09 16:15:00+00:00,1.0000281082973088
2026-03-09 16:20:00+00:00,1.000028063125344
2026-03-09 16:25:00+00:00,1.000028084111614
2026-03-09 16:30:00+00:00,1.0000280639740458
2026-03-09 16:35:00+00:00,1.00002958767248
2026-03-09 16:40:00+00:00,1.0000285850167352
2026-03-09 16:45:00+00:00,1.0000263195439556
2026-03-09 16:50:00+00:00,1.0000257829939423
2026-03-09 16:55:00+00:00,1.000025797600358
2026-03-09 17:00:00+00:00,1.0000256547533444
2026-03-09 17:05:00+00:00,1.0000256327422237
2026-03-09 17:10:00+00:00,1.0000256457677354
2026-03-09 17:15:00+00:00,1.000025645647853
2026-03-09 17:20:00+00:00,1.0000240506909626
2026-03-09 17:25:00+00:00,1.0000240299108007
2026-03-09 17:30:00+00:00,1.000023595138402
2026-03-09 17:35:00+00:00,1.0000227769124344
2026-03-09 17:40:00+00:00,1.0000227296009458
2026-03-09 17:45:00+00:00,1.0000221881812235
2026-03-09 17:50:00+00:00,1.0000223868071498
2026-03-09 17:55:00+00:00,1.0000223443702432
2026-03-09 18:00:00+00:00,1.0000219673351667
2026-03-09 18:05:00+00:00,1.0000212108125892
2026-03-09 18:10:00+00:00,1.0000205709157362
2026-03-09 18:15:00+00:00,1.0000205709157362
2026-03-09 18:20:00+00:00,1.0000204675930666
2026-03-09 18:25:00+00:00,1.0000149255542372
2026-03-09 18:30:00+00:00,1.0000149239411373
2026-03-09 18:35:00+00:00,1.000013965135852
2026-03-09 18:40:00+00:00,1.0000135192879316
2026-03-09 18:45:00+00:00,1.0000134598356063
2026-03-09 18:50:00+00:00,1.0000130369427243
2026-03-09 18:55:00+00:00,1.0000131006573572
2026-03-09 19:00:00+00:00,1.000013091238507
2026-03-09 19:05:00+00:00,1.0000131294709413
2026-03-09 19:10:00+00:00,1.0000131287099228
2026-03-09 19:15:00+00:00,1.0000129630110643
2026-03-09 19:20:00+00:00,1.0000126805015204
2026-03-09 19:25:00+00:00,1.000010943397572
2026-03-09 19:30:00+00:00,1.0000105027684232
2026-03-09 19:35:00+00:00,1.0000010997289936
2026-03-09 19:40:00+00:00,1.0000008232226845
2026-03-09 19:45:00+00:00,1.0000034271122207
2026-03-09 19:50:00+00:00,1.0000031826454516
2026-03-09 19:55:00+00:00,1.0000027759900658
2026-03-09 20:00:00+00:00,1.0000027771597297
2026-03-09 20:05:00+00:00,1.000000436729884
2026-03-09 20:10:00+00:00,1.0000002593023525
2026-03-09 20:15:00+00:00,0.9999900873012205
2026-03-09 20:20:00+00:00,0.999990333288331
2026-03-09 20:25:00+00:00,0.9999800742515391
2026-03-09 20:30:00+00:00,0.9999800538587904
2026-03-09 20:35:00+00:00,0.9999801337803734
2026-03-09 20:40:00+00:00,0.999980126407075
2026-03-09 20:45:00+00:00,0.9999801416776614
2026-03-09 20:50:00+00:00,0.9999798911613355
2026-03-09 20:55:00+00:00,0.9999754951836536
2026-03-09 21:00:00+00:00,0.999975584911371
2026-03-09 21:05:00+00:00,0.999975732087337
2026-03-09 21:10:00+00:00,0.9999757365182225
2026-03-09 21:15:00+00:00,0.9999692120482032
2026-03-09 21:20:00+00:00,0.9999688814303621
2026-03-09 21:25:00+00:00,0.9999688780208832
2026-03-09 21:30:00+00:00,0.9999688792679091
2026-03-09 21:35:00+00:00,0.9999688664655401
2026-03-09 21:40:00+00:00,0.9999687340300525
2026-03-09 21:45:00+00:00,0.9999685269119681
2026-03-09 21:50:00+00:00,0.999979711982327
2026-03-09 21:55:00+00:00,0.9999802969272271
2026-03-09 22:00:00+00:00,0.999980305519141
2026-03-09 22:05:00+00:00,0.9999803209268505
2026-03-09 22:10:00+00:00,0.9999797181924382
2026-03-09 22:15:00+00:00,0.9999797484526539
2026-03-09 22:20:00+00:00,0.9999777239514311
2026-03-09 22:25:00+00:00,0.9999773737028568
2026-03-09 22:30:00+00:00,0.9999773684040916
2026-03-09 22:35:00+00:00,0.9999773114516214
2026-03-09 22:40:00+00:00,0.9999774080226
2026-03-09 22:45:00+00:00,0.9999773883763645
2026-03-09 22:50:00+00:00,0.9999773930263334
2026-03-09 22:55:00+00:00,0.9999772836899189
2026-03-09 23:00:00+00:00,0.9999770141196882
2026-03-09 23:05:00+00:00,0.9999796857789005
2026-03-09 23:10:00+00:00,0.999979211737108
2026-03-09 23:15:00+00:00,0.9999791654536463
2026-03-09 23:20:00+00:00,0.9999792164515642
2026-03-09 23:25:00+00:00,0.999977204382071
2026-03-09 23:30:00+00:00,0.9999755098835957
2026-03-09 23:35:00+00:00,0.9999755362053798
2026-03-09 23:40:00+00:00,0.9999755220960713
2026-03-09 23:45:00+00:00,0.9999755418506693
2026-03-09 23:50:00+00:00,0.9999748127745232
2026-03-09 23:55:00+00:00,0.999986802473975
2026-03-10 00:00:00+00:00,0.9999868405922182
2026-03-10 00:05:00+00:00,0.9999865335659849
2026-03-10 00:10:00+00:00,0.9999863032580754
2026-03-10 00:15:00+00:00,0.9999858129030198
2026-03-10 00:20:00+00:00,0.999985032853173
2026-03-10 00:25:00+00:00,0.9999850184453994
2026-03-10 00:30:00+00:00,0.9999929976006272
2026-03-10 00:35:00+00:00,0.9999928242019691
2026-03-10 00:40:00+00:00,0.9999926960062713
2026-03-10 00:45:00+00:00,0.9999927053378349
2026-03-10 00:50:00+00:00,0.9999924240566269
2026-03-10 00:55:00+00:00,0.9999879785440844
2026-03-10 01:00:00+00:00,0.9999880547263944
2026-03-10 01:05:00+00:00,0.9999879579309726
2026-03-10 01:10:00+00:00,0.9999877438526583
2026-03-10 01:15:00+00:00,0.9999874504775911
2026-03-10 01:20:00+00:00,0.999990744335748
2026-03-10 01:25:00+00:00,0.9999879473560007
2026-03-10 01:30:00+00:00,0.9999876598311728
2026-03-10 01:35:00+00:00,0.9999864660370178
2026-03-10 01:40:00+00:00,0.9999863155829736
2026-03-10 01:45:00+00:00,0.9999927434083478
2026-03-10 01:50:00+00:00,1.0000030115970078
2026-03-10 01:55:00+00:00,1.0000053707282688
2026-03-10 02:00:00+00:00,1.0000057863674805
2026-03-10 02:05:00+00:00,1.0000072058381118
2026-03-10 02:10:00+00:00,1.0000070693292684
2026-03-10 02:15:00+00:00,0.9999988215004335
2026-03-10 02:20:00+00:00,0.9999988296744089
2026-03-10 02:25:00+00:00,0.9999987569057172
2026-03-10 02:30:00+00:00,0.9999987587973743
2026-03-10 02:35:00+00:00,0.9999972309574359
2026-03-10 02:40:00+00:00,0.9999956469415112
2026-03-10 02:45:00+00:00,0.9999952502501769
2026-03-10 02:50:00+00:00,0.9999951286183666
2026-03-10 02:55:00+00:00,0.9999935802083771
2026-03-10 03:00:00+00:00,0.9999754827174502
2026-03-10 03:05:00+00:00,0.9999755019085222
2026-03-10 03:10:00+00:00,0.999975450466724
2026-03-10 03:15:00+00:00,0.9999753392864666
2026-03-10 03:20:00+00:00,0.9999712687412468
2026-03-10 03:25:00+00:00,0.9999711810795694
2026-03-10 03:30:00+00:00,0.9999700312995405
2026-03-10 03:35:00+00:00,0.9999677009352999
2026-03-10 03:40:00+00:00,0.9999675490189034
2026-03-10 03:45:00+00:00,0.999965295835058
2026-03-10 03:50:00+00:00,0.9999653342244245
2026-03-10 03:55:00+00:00,0.9999653057609585
2026-03-10 04:00:00+00:00,0.9999651941157545
2026-03-10 04:05:00+00:00,0.9999651433276519
2026-03-10 04:10:00+00:00,0.9999644285393627
2026-03-10 04:15:00+00:00,0.9999643485286411
2026-03-10 04:20:00+00:00,0.9999643299441751
2026-03-10 04:25:00+00:00,0.9999641963146647
2026-03-10 04:30:00+00:00,0.9999641819358316
2026-03-10 04:35:00+00:00,0.9999641819358316
2026-03-10 04:40:00+00:00,0.9999641685457534
2026-03-10 04:45:00+00:00,0.9999641505309194
2026-03-10 04:50:00+00:00,0.9999608849136693
2026-03-10 04:55:00+00:00,0.9999608728948755
2026-03-10 05:00:00+00:00,0.9999574527359187
2026-03-10 05:05:00+00:00,0.9999575914851269
2026-03-10 05:10:00+00:00,0.9999575914851269
2026-03-10 05:15:00+00:00,0.9999575841135335
2026-03-10 05:20:00+00:00,0.9999514412783047
2026-03-10 05:25:00+00:00,0.9999514382125783
2026-03-10 05:30:00+00:00,0.9999509991750828
2026-03-10 05:35:00+00:00,0.9999509991750828
2026-03-10 05:40:00+00:00,0.9999509571184951
2026-03-10 05:45:00+00:00,0.9999509551586994
2026-03-10 05:50:00+00:00,0.9999509887567691
2026-03-10 05:55:00+00:00,0.9999512487339183
2026-03-10 06:00:00+00:00,0.9999512487339183
2026-03-10 06:05:00+00:00,0.9999512560602363
2026-03-10 06:10:00+00:00,0.9999511101478197
2026-03-10 06:15:00+00:00,0.9999510951675934
2026-03-10 06:20:00+00:00,0.9999500852800428
2026-03-10 06:25:00+00:00,0.9999500857955991
2026-03-10 06:30:00+00:00,0.9999501858726518
2026-03-10 06:35:00+00:00,0.9999476908000828
2026-03-10 06:40:00+00:00,0.9999477149600314
2026-03-10 06:45:00+00:00,0.9999477278131111
2026-03-10 06:50:00+00:00,0.9999477206643228
2026-03-10 06:55:00+00:00,0.9999477450168697
2026-03-10 07:00:00+00:00,0.9999477450168697
2026-03-10 07:05:00+00:00,0.9999470563358365
2026-03-10 07:10:00+00:00,0.9999470577645022
2026-03-10 07:15:00+00:00,0.9999470576691997
2026-03-10 07:20:00+00:00,0.999946984539962
2026-03-10 07:25:00+00:00,0.9999468130006156
2026-03-10 07:30:00+00:00,0.9999467262620995
2026-03-10 07:35:00+00:00,0.9999467312407303
2026-03-10 07:40:00+00:00,0.9999467312407303
2026-03-10 07:45:00+00:00,0.9999465644613341
2026-03-10 07:50:00+00:00,0.9999465697032517
2026-03-10 07:55:00+00:00,0.9999458626834858
2026-03-10 08:00:00+00:00,0.9999456608049271
2026-03-10 08:05:00+00:00,0.9999455783895467
2026-03-10 08:10:00+00:00,0.9999454728111434
2026-03-10 08:15:00+00:00,0.9999451823059504
2026-03-10 08:20:00+00:00,0.9999451398563972
2026-03-10 08:25:00+00:00,0.9999451272622679
2026-03-10 08:30:00+00:00,0.9999452660935968
2026-03-10 08:35:00+00:00,0.9999452796633429
2026-03-10 08:40:00+00:00,0.9999448161313116
2026-03-10 08:45:00+00:00,0.9999448134758042
2026-03-10 08:50:00+00:00,0.9999448134758042
2026-03-10 08:55:00+00:00,0.9999445032182528
2026-03-10 09:00:00+00:00,0.9999443408984915
2026-03-10 09:05:00+00:00,0.9999442908799131
2026-03-10 09:10:00+00:00,0.9999442222790371
2026-03-10 09:15:00+00:00,0.9999442267300582
2026-03-10 09:20:00+00:00,0.9999441844551221
2026-03-10 09:25:00+00:00,0.9999441574774648
2026-03-10 09:30:00+00:00,0.9999441560661385
2026-03-10 09:35:00+00:00,0.9999442645491042
2026-03-10 09:40:00+00:00,0.9999420148351705
2026-03-10 09:45:00+00:00,0.9999421899885433
2026-03-10 09:50:00+00:00,0.9999419137009653
2026-03-10 09:55:00+00:00,0.9999419337672809
2026-03-10 10:00:00+00:00,0.9999419331563802
2026-03-10 10:05:00+00:00,0.9999417347782469
2026-03-10 10:10:00+00:00,0.9999417056204242
2026-03-10 10:15:00+00:00,0.9999412820288343
2026-03-10 10:20:00+00:00,0.9999414483746792
2026-03-10 10:25:00+00:00,0.9999414500061093
2026-03-10 10:30:00+00:00,0.9999414468710066
2026-03-10 10:35:00+00:00,0.9999413389716738
2026-03-10 10:40:00+00:00,0.9999413680399734
2026-03-10 10:45:00+00:00,0.9999413399229949
2026-03-10 10:50:00+00:00,0.9999413392100128
2026-03-10 10:55:00+00:00,0.9999413006370118
2026-03-10 11:00:00+00:00,0.9999415940144557
2026-03-10 11:05:00+00:00,0.9999415350861209
2026-03-10 11:10:00+00:00,0.9999414462748856
2026-03-10 11:15:00+00:00,0.9999422124103954
2026-03-10 11:20:00+00:00,0.9999431291169364
2026-03-10 11:25:00+00:00,0.9999431621616592
2026-03-10 11:30:00+00:00,0.9999430872893086
2026-03-10 11:35:00+00:00,0.9999430872844555
2026-03-10 11:40:00+00:00,0.9999431668419763
2026-03-10 11:45:00+00:00,0.999943331566237
2026-03-10 11:50:00+00:00,0.999943372314399
2026-03-10 11:55:00+00:00,0.9999432315791627
2026-03-10 12:00:00+00:00,0.9999432890978401
2026-03-10 12:05:00+00:00,0.9999432891595159
2026-03-10 12:10:00+00:00,0.9999432235132625
2026-03-10 12:15:00+00:00,0.9999432238928221
2026-03-10 12:20:00+00:00,0.9999432362607181
2026-03-10 12:25:00+00:00,0.9999432364726495
2026-03-10 12:30:00+00:00,0.9999432863485236
2026-03-10 12:35:00+00:00,0.9999442350394739
2026-03-10 12:40:00+00:00,0.9999442136917877
2026-03-10 12:45:00+00:00,0.9999442336623448
2026-03-10 12:50:00+00:00,0.9999442358306732
2026-03-10 12:55:00+00:00,0.9999440489867171
2026-03-10 13:00:00+00:00,0.9999440018381673
2026-03-10 13:05:00+00:00,0.999943365461773
2026-03-10 13:10:00+00:00,0.9999432185502968
2026-03-10 13:15:00+00:00,0.9999431229410333
2026-03-10 13:20:00+00:00,0.999942755973164
2026-03-10 13:25:00+00:00,0.999938782887284
2026-03-10 13:30:00+00:00,0.9999387585355959
2026-03-10 13:35:00+00:00,0.9999441235770982
2026-03-10 13:40:00+00:00,0.9999439641026698
2026-03-10 13:45:00+00:00,0.9999435448530996
2026-03-10 13:50:00+00:00,0.99994330635528
2026-03-10 13:55:00+00:00,0.9999431478937634
2026-03-10 14:00:00+00:00,0.9999601523667055
2026-03-10 14:05:00+00:00,0.9999600158566389
2026-03-10 14:10:00+00:00,0.999963576703632
2026-03-10 14:15:00+00:00,0.9999638393094247
2026-03-10 14:20:00+00:00,0.9952117404249641
2026-03-10 14:25:00+00:00,0.999916894201913
2026-03-10 14:30:00+00:00,0.9999169115223244
2026-03-10 14:35:00+00:00,0.9999169115223244
2026-03-10 14:40:00+00:00,0.999917046646331
2026-03-10 14:45:00+00:00,0.9999172986235817
2026-03-10 14:50:00+00:00,0.9999172986235817
2026-03-10 14:55:00+00:00,0.9999171650475838
2026-03-10 15:00:00+00:00,0.9999157772081658
2026-03-10 15:05:00+00:00,0.9999157899576417
2026-03-10 15:10:00+00:00,0.9999221879035908
2026-03-10 15:15:00+00:00,0.9999221855902978
2026-03-10 15:20:00+00:00,0.999922096655774
2026-03-10 15:25:00+00:00,0.9999221829015896
2026-03-10 15:30:00+00:00,0.9999221671410778
2026-03-10 15:35:00+00:00,0.9999225926736168
2026-03-10 15:40:00+00:00,0.9999225900108429
2026-03-10 15:45:00+00:00,0.9999222818015143
2026-03-10 15:50:00+00:00,0.999921558205742
2026-03-10 15:55:00+00:00,0.999921543184177
2026-03-10 16:00:00+00:00,0.9999215523295913
2026-03-10 16:05:00+00:00,0.9999518362118938
2026-03-10 16:10:00+00:00,0.9998267009796653
2026-03-10 16:15:00+00:00,0.9998267008596022
2026-03-10 16:20:00+00:00,0.9998268907755132
2026-03-10 16:25:00+00:00,0.9998269501761783
2026-03-10 16:30:00+00:00,0.9998268640226965
2026-03-10 16:35:00+00:00,0.9998268581931867
2026-03-10 16:40:00+00:00,0.9998268141506003
2026-03-10 16:45:00+00:00,0.9998283667259541
2026-03-10 16:50:00+00:00,0.9998283597814447
2026-03-10 16:55:00+00:00,0.9998283360739292
2026-03-10 17:00:00+00:00,0.9998283367796591
2026-03-10 17:05:00+00:00,0.9998283365598176
2026-03-10 17:10:00+00:00,0.999828360831533
2026-03-10 17:15:00+00:00,0.9998284983934613
2026-03-10 17:20:00+00:00,0.9998285011661989
2026-03-10 17:25:00+00:00,0.9998280723982665
2026-03-10 17:30:00+00:00,0.999828035086054
2026-03-10 17:35:00+00:00,0.9998277465618185
2026-03-10 17:40:00+00:00,0.999808397809416
2026-03-10 17:45:00+00:00,0.9998077811445416
2026-03-10 17:50:00+00:00,0.9998078658781585
2026-03-10 17:55:00+00:00,0.9998079406413577
2026-03-10 18:00:00+00:00,0.9998069817281835
2026-03-10 18:05:00+00:00,0.9998069817281835
2026-03-10 18:10:00+00:00,0.9998069748439312
2026-03-10 18:15:00+00:00,0.9998082496007548
2026-03-10 18:20:00+00:00,0.9998001970812623
2026-03-10 18:25:00+00:00,0.999739066685262
2026-03-10 18:30:00+00:00,0.9997452167852195
2026-03-10 18:35:00+00:00,0.99974881746225
2026-03-10 18:40:00+00:00,0.999754476217964
2026-03-10 18:45:00+00:00,0.9997564307584157
2026-03-10 18:50:00+00:00,0.9997562754014037
2026-03-10 18:55:00+00:00,0.9997563950131029
2026-03-10 19:00:00+00:00,0.9997640310004482
2026-03-10 19:05:00+00:00,0.9997640446290381
2026-03-10 19:10:00+00:00,0.9997627095827065
2026-03-10 19:15:00+00:00,0.9997851035526188
2026-03-10 19:20:00+00:00,0.9998028537603785
2026-03-10 19:25:00+00:00,0.9998088108808908
2026-03-10 19:30:00+00:00,0.9998086661330717
2026-03-10 19:35:00+00:00,0.9998086130453194
2026-03-10 19:40:00+00:00,0.9998142312531422
2026-03-10 19:45:00+00:00,0.9998124344814389
2026-03-10 19:50:00+00:00,0.9998233436420361
2026-03-10 19:55:00+00:00,0.9998278245526787
2026-03-10 20:00:00+00:00,0.9998280283563198
2026-03-10 20:05:00+00:00,0.9998281358476052
2026-03-10 20:10:00+00:00,0.9998281588925099
2026-03-10 20:15:00+00:00,0.9998270729032556
2026-03-10 20:20:00+00:00,0.9998686532454757
2026-03-10 20:25:00+00:00,0.9998941648763429
2026-03-10 20:30:00+00:00,0.9998941870561886
2026-03-10 20:35:00+00:00,0.999893940638193
2026-03-10 20:40:00+00:00,0.9998939057957367
2026-03-10 20:45:00+00:00,0.9998939159255831
2026-03-10 20:50:00+00:00,0.9998939157112062
2026-03-10 20:55:00+00:00,0.9998935635658154
2026-03-10 21:00:00+00:00,0.9998935958528926
2026-03-10 21:05:00+00:00,0.9998934702055968
2026-03-10 21:10:00+00:00,0.9998936249562789
2026-03-10 21:15:00+00:00,0.9998804453336121
2026-03-10 21:20:00+00:00,0.9998805439270589
2026-03-10 21:25:00+00:00,0.9998807455700826
2026-03-10 21:30:00+00:00,0.9998797956666919
2026-03-10 21:35:00+00:00,0.9998797956558397
2026-03-10 21:40:00+00:00,0.9998796666099254
2026-03-10 21:45:00+00:00,0.9998796071275199
2026-03-10 21:50:00+00:00,0.9998798867932692
2026-03-10 21:55:00+00:00,0.9998799863145431
2026-03-10 22:00:00+00:00,0.9998799898111306
2026-03-10 22:05:00+00:00,0.9998800755443713
2026-03-10 22:10:00+00:00,0.9998758228125313
2026-03-10 22:15:00+00:00,0.9998758228125313
2026-03-10 22:20:00+00:00,0.9998759038975532
2026-03-10 22:25:00+00:00,0.9998757505316361
2026-03-10 22:30:00+00:00,0.9998758189948556
2026-03-10 22:35:00+00:00,0.9998758188662429
2026-03-10 22:40:00+00:00,0.9998758821666627
2026-03-10 22:45:00+00:00,0.9998759035999715
2026-03-10 22:50:00+00:00,0.9998759035142296
2026-03-10 22:55:00+00:00,0.9998766506695986
2026-03-10 23:00:00+00:00,0.9998766560932456
2026-03-10 23:05:00+00:00,0.9998766464787735
2026-03-10 23:10:00+00:00,0.9998766918253522
2026-03-10 23:15:00+00:00,0.9998766941830173
2026-03-10 23:20:00+00:00,0.9998766941615866
2026-03-10 23:25:00+00:00,0.9998766996880798
2026-03-10 23:30:00+00:00,0.999876711696188
2026-03-10 23:35:00+00:00,0.999876711696188
2026-03-10 23:40:00+00:00,0.9998766961326359
2026-03-10 23:45:00+00:00,0.9998767002752625
2026-03-10 23:50:00+00:00,0.9998767002752625
2026-03-10 23:55:00+00:00,0.9998767002752625
2026-03-11 00:00:00+00:00,0.999876698132195
2026-03-11 00:05:00+00:00,0.999876698132195
2026-03-11 00:10:00+00:00,0.9998769482623172
2026-03-11 00:15:00+00:00,0.999876963216708
2026-03-11 00:20:00+00:00,0.9998770571141368
2026-03-11 00:25:00+00:00,0.9998776698733653
2026-03-11 00:30:00+00:00,0.9998776698733653
2026-03-11 00:35:00+00:00,0.9998777415530306
2026-03-11 00:40:00+00:00,0.9998777415530306
2026-03-11 00:45:00+00:00,0.9998777423443443
2026-03-11 00:50:00+00:00,0.9998777292775515
2026-03-11 00:55:00+00:00,0.9998772825553769
2026-03-11 01:00:00+00:00,0.9998773155473575
2026-03-11 01:05:00+00:00,0.9998773039999763
2026-03-11 01:10:00+00:00,0.9998772503512342
2026-03-11 01:15:00+00:00,0.9998772547023876
2026-03-11 01:20:00+00:00,0.9998772738575754
2026-03-11 01:25:00+00:00,0.9998772855095275
2026-03-11 01:30:00+00:00,0.9998772897193752
2026-03-11 01:35:00+00:00,0.9998773080087017
2026-03-11 01:40:00+00:00,0.9998749816262855
2026-03-11 01:45:00+00:00,0.999875146137755
2026-03-11 01:50:00+00:00,0.999875146137755
2026-03-11 01:55:00+00:00,0.9998751604855003
2026-03-11 02:00:00+00:00,0.9998751822907985
2026-03-11 02:05:00+00:00,0.9998753754002202
2026-03-11 02:10:00+00:00,0.9998753810213856
2026-03-11 02:15:00+00:00,0.9998750995570987
2026-03-11 02:20:00+00:00,0.9998750892444113
2026-03-11 02:25:00+00:00,0.9998748697953154
2026-03-11 02:30:00+00:00,0.9998749060140748
2026-03-11 02:35:00+00:00,0.9998748831841349
2026-03-11 02:40:00+00:00,0.9998757964278614
2026-03-11 02:45:00+00:00,0.9998757233834451
2026-03-11 02:50:00+00:00,0.9998757196751219
2026-03-11 02:55:00+00:00,0.9998756881468841
2026-03-11 03:00:00+00:00,0.9998756881468841
2026-03-11 03:05:00+00:00,0.9998759877416646
2026-03-11 03:10:00+00:00,0.9998761458345287
2026-03-11 03:15:00+00:00,0.9998761458345287
2026-03-11 03:20:00+00:00,0.9998761458345287
2026-03-11 03:25:00+00:00,0.9998761458345287
2026-03-11 03:30:00+00:00,0.9998761461769642
2026-03-11 03:35:00+00:00,0.9998761744473411
2026-03-11 03:40:00+00:00,0.9998761585939709
2026-03-11 03:45:00+00:00,0.9998761590213335
2026-03-11 03:50:00+00:00,0.9998761864871146
2026-03-11 03:55:00+00:00,0.9998768906240237
2026-03-11 04:00:00+00:00,0.9998770708944779
2026-03-11 04:05:00+00:00,0.9998770170261279
2026-03-11 04:10:00+00:00,0.9998769174339667
2026-03-11 04:15:00+00:00,0.9998769165872731
2026-03-11 04:20:00+00:00,0.9998769592218585
2026-03-11 04:25:00+00:00,0.9998769592218585
2026-03-11 04:30:00+00:00,0.9998755367771545
2026-03-11 04:35:00+00:00,0.9998755916633464
2026-03-11 04:40:00+00:00,0.9998755992505575
2026-03-11 04:45:00+00:00,0.9998756092509201
2026-03-11 04:50:00+00:00,0.9998755790565503
2026-03-11 04:55:00+00:00,0.9998755792759512
2026-03-11 05:00:00+00:00,0.9998742635771577
2026-03-11 05:05:00+00:00,0.9998744080585381
2026-03-11 05:10:00+00:00,0.9998727886634812
2026-03-11 05:15:00+00:00,0.9998727886634812
2026-03-11 05:20:00+00:00,0.9998707310102807
2026-03-11 05:25:00+00:00,0.99987076415959
2026-03-11 05:30:00+00:00,0.9998706688947272
2026-03-11 05:35:00+00:00,0.9998706689234141
2026-03-11 05:40:00+00:00,0.9998706689234141
2026-03-11 05:45:00+00:00,0.9998706864697674
2026-03-11 05:50:00+00:00,0.9998713605175735
2026-03-11 05:55:00+00:00,0.9998713492333785
2026-03-11 06:00:00+00:00,0.9998732174103407
2026-03-11 06:05:00+00:00,0.9998732190858062
2026-03-11 06:10:00+00:00,0.9998732138176463
2026-03-11 06:15:00+00:00,0.9998732213026638
2026-03-11 06:20:00+00:00,0.9998731889725259
2026-03-11 06:25:00+00:00,0.9998733739020083
2026-03-11 06:30:00+00:00,0.9998733793439566
2026-03-11 06:35:00+00:00,0.9998733793439566
2026-03-11 06:40:00+00:00,0.9998733692984954
2026-03-11 06:45:00+00:00,0.9998733692984954
2026-03-11 06:50:00+00:00,0.999873385275174
2026-03-11 06:55:00+00:00,0.9998734006179405
2026-03-11 07:00:00+00:00,0.999873405448143
2026-03-11 07:05:00+00:00,0.9998734049099345
2026-03-11 07:10:00+00:00,0.9998734097852973
2026-03-11 07:15:00+00:00,0.9998734183926532
2026-03-11 07:20:00+00:00,0.9998734183926532
2026-03-11 07:25:00+00:00,0.9998734183926532
2026-03-11 07:30:00+00:00,0.9998734183926532
2026-03-11 07:35:00+00:00,0.9998734759425848
2026-03-11 07:40:00+00:00,0.99987345901192
2026-03-11 07:45:00+00:00,0.9998737013681244
2026-03-11 07:50:00+00:00,0.999873702678155
2026-03-11 07:55:00+00:00,0.9998737050526177
2026-03-11 08:00:00+00:00,0.9998737071587319
2026-03-11 08:05:00+00:00,0.9999011208549679
2026-03-11 08:10:00+00:00,0.999901120673633
2026-03-11 08:15:00+00:00,0.9999024837629078
2026-03-11 08:20:00+00:00,0.9999141656920824
2026-03-11 08:25:00+00:00,0.9999141714345897
2026-03-11 08:30:00+00:00,0.9999141753867535
2026-03-11 08:35:00+00:00,0.9999144520697905
2026-03-11 08:40:00+00:00,0.9999145468553418
2026-03-11 08:45:00+00:00,0.999914543037188
2026-03-11 08:50:00+00:00,0.9999145409468119
2026-03-11 08:55:00+00:00,0.9999145413186687
2026-03-11 09:00:00+00:00,0.9999145457048437
2026-03-11 09:05:00+00:00,0.9999145482397027
2026-03-11 09:10:00+00:00,0.999914859611923
2026-03-11 09:15:00+00:00,0.9999146819148137
2026-03-11 09:20:00+00:00,0.9999140924511184
2026-03-11 09:25:00+00:00,0.9999140925869182
2026-03-11 09:30:00+00:00,0.9999140588947005
2026-03-11 09:35:00+00:00,0.9999140596356989
2026-03-11 09:40:00+00:00,0.9999140742960754
2026-03-11 09:45:00+00:00,0.9999140733721479
2026-03-11 09:50:00+00:00,0.9999140145282027
2026-03-11 09:55:00+00:00,0.9999140166903294
2026-03-11 10:00:00+00:00,0.9999140166903294
2026-03-11 10:05:00+00:00,0.9999140583852676
2026-03-11 10:10:00+00:00,0.9999140583852676
2026-03-11 10:15:00+00:00,0.9999140582880903
2026-03-11 10:20:00+00:00,0.999914073228642
2026-03-11 10:25:00+00:00,0.9999138813662047
2026-03-11 10:30:00+00:00,0.999913496269491
2026-03-11 10:35:00+00:00,0.9999134964726135
2026-03-11 10:40:00+00:00,0.9999134524144355
2026-03-11 10:45:00+00:00,0.9999132449981523
2026-03-11 10:50:00+00:00,0.9999131143490364
2026-03-11 10:55:00+00:00,0.9999131069652963
2026-03-11 11:00:00+00:00,0.9999131090932711
2026-03-11 11:05:00+00:00,0.9999130648302
2026-03-11 11:10:00+00:00,0.9999130648302
2026-03-11 11:15:00+00:00,0.9999130651228394
2026-03-11 11:20:00+00:00,0.9999130708224616
2026-03-11 11:25:00+00:00,0.9999124846724345
2026-03-11 11:30:00+00:00,0.9999124836034822
2026-03-11 11:35:00+00:00,0.9999124764584947
2026-03-11 11:40:00+00:00,0.9999124655450544
2026-03-11 11:45:00+00:00,0.9999124363972739
2026-03-11 11:50:00+00:00,0.9999124456421106
2026-03-11 11:55:00+00:00,0.9999121328701673
2026-03-11 12:00:00+00:00,0.9999123249312386
2026-03-11 12:05:00+00:00,0.999912292678396
2026-03-11 12:10:00+00:00,0.9999123014200886
2026-03-11 12:15:00+00:00,0.99991249526677
2026-03-11 12:20:00+00:00,0.9999120904902528
2026-03-11 12:25:00+00:00,0.9999120476147014
2026-03-11 12:30:00+00:00,0.9999120476147014
2026-03-11 12:35:00+00:00,0.9999118846879138
2026-03-11 12:40:00+00:00,0.9999119233218418
2026-03-11 12:45:00+00:00,0.9999119231688718
2026-03-11 12:50:00+00:00,0.9999118490052874
2026-03-11 12:55:00+00:00,0.9999118139187863
2026-03-11 13:00:00+00:00,0.999911811796667
2026-03-11 13:05:00+00:00,0.9999117682627462
2026-03-11 13:10:00+00:00,0.9999117663033905
2026-03-11 13:15:00+00:00,0.9999117690513999
2026-03-11 13:20:00+00:00,0.999911311675069
2026-03-11 13:25:00+00:00,0.9999111826536372
2026-03-11 13:30:00+00:00,0.9999111826728461
2026-03-11 13:35:00+00:00,0.9999115221479623
2026-03-11 13:40:00+00:00,0.9999111746485659
2026-03-11 13:45:00+00:00,0.9999107718258238
2026-03-11 13:50:00+00:00,0.9999107335458118
2026-03-11 13:55:00+00:00,0.9999108170785057
2026-03-11 14:00:00+00:00,0.9999109077225907
2026-03-11 14:05:00+00:00,0.9999104851088725
2026-03-11 14:10:00+00:00,0.9999101996926051
2026-03-11 14:15:00+00:00,0.9999101606408424
2026-03-11 14:20:00+00:00,0.9999101492869642
2026-03-11 14:25:00+00:00,0.9999105441475652
2026-03-11 14:30:00+00:00,0.9999105655798363
2026-03-11 14:35:00+00:00,0.9999101826983713
2026-03-11 14:40:00+00:00,0.9999100331893542
2026-03-11 14:45:00+00:00,0.9999100506127304
2026-03-11 14:50:00+00:00,0.9999134315157397
2026-03-11 14:55:00+00:00,0.999913355777408
2026-03-11 15:00:00+00:00,0.9999133787073523
2026-03-11 15:05:00+00:00,0.9999133377144036
2026-03-11 15:10:00+00:00,0.9999129439870528
2026-03-11 15:15:00+00:00,0.9999129562817916
2026-03-11 15:20:00+00:00,0.9999121897840885
2026-03-11 15:25:00+00:00,0.9999121470208933
2026-03-11 15:30:00+00:00,0.9999115945450275
2026-03-11 15:35:00+00:00,0.9999116377742001
2026-03-11 15:40:00+00:00,0.999912074636176
2026-03-11 15:45:00+00:00,0.99991207541707
2026-03-11 15:50:00+00:00,0.9999119612248429
2026-03-11 15:55:00+00:00,0.9999119612248429
2026-03-11 16:00:00+00:00,0.9999113751066352
2026-03-11 16:05:00+00:00,0.999911373943391
2026-03-11 16:10:00+00:00,0.9999111981886745
2026-03-11 16:15:00+00:00,0.9999111840947009
2026-03-11 16:20:00+00:00,0.9999109999550009
2026-03-11 16:25:00+00:00,0.9999109998871666
2026-03-11 16:30:00+00:00,0.9999110397053736
2026-03-11 16:35:00+00:00,0.9999109890904009
2026-03-11 16:40:00+00:00,0.9999110083529239
2026-03-11 16:45:00+00:00,0.9999110063435962
2026-03-11 16:50:00+00:00,0.9999109099288653
2026-03-11 16:55:00+00:00,0.9999108096077498
2026-03-11 17:00:00+00:00,0.9999108096077498
2026-03-11 17:05:00+00:00,0.9999108081661422
2026-03-11 17:10:00+00:00,0.9999103672687839
2026-03-11 17:15:00+00:00,0.9999101453062867
2026-03-11 17:20:00+00:00,0.9999100847390765
2026-03-11 17:25:00+00:00,0.9999100681672695
2026-03-11 17:30:00+00:00,0.9999097958295058
2026-03-11 17:35:00+00:00,0.9999097325533406
2026-03-11 17:40:00+00:00,0.9999050773378461
2026-03-11 17:45:00+00:00,0.9999049283376712
2026-03-11 17:50:00+00:00,0.9999049095824457
2026-03-11 17:55:00+00:00,0.999902509348214
2026-03-11 18:00:00+00:00,0.9999026757363908
2026-03-11 18:05:00+00:00,0.9999026759224985
2026-03-11 18:10:00+00:00,0.9999026770110117
2026-03-11 18:15:00+00:00,0.9999023756135318
2026-03-11 18:20:00+00:00,0.9999023090965828
2026-03-11 18:25:00+00:00,0.9999022268876623
2026-03-11 18:30:00+00:00,0.9999023133739016
2026-03-11 18:35:00+00:00,0.9999004929516427
2026-03-11 18:40:00+00:00,0.9999004597290256
2026-03-11 18:45:00+00:00,0.999900514607235
2026-03-11 18:50:00+00:00,0.9999005057738904
2026-03-11 18:55:00+00:00,0.9999005597100614
2026-03-11 19:00:00+00:00,0.9999004930793103
2026-03-11 19:05:00+00:00,0.999900489807338
2026-03-11 19:10:00+00:00,0.9998732835848329
2026-03-11 19:15:00+00:00,0.999875289296951
2026-03-11 19:20:00+00:00,0.9998754059592334
2026-03-11 19:25:00+00:00,0.9998754114796093
2026-03-11 19:30:00+00:00,0.9998756775649564
2026-03-11 19:35:00+00:00,0.9998757881918432
2026-03-11 19:40:00+00:00,0.9998749684889459
2026-03-11 19:45:00+00:00,0.9998750240884638
2026-03-11 19:50:00+00:00,0.999874893745285
2026-03-11 19:55:00+00:00,0.9998746557861512
2026-03-11 20:00:00+00:00,0.9998739330470506
2026-03-11 20:05:00+00:00,0.9998738995406056
2026-03-11 20:10:00+00:00,0.9998739004044028
2026-03-11 20:15:00+00:00,0.9998738019996786
2026-03-11 20:20:00+00:00,0.9998738098164388
2026-03-11 20:25:00+00:00,0.9998738126998549
2026-03-11 20:30:00+00:00,0.999873813755607
2026-03-11 20:35:00+00:00,0.9998749771234059
2026-03-11 20:40:00+00:00,0.9998722153790377
2026-03-11 20:45:00+00:00,0.9998722341873967
2026-03-11 20:50:00+00:00,0.9998722314439114
2026-03-11 20:55:00+00:00,0.9998722319166639
2026-03-11 21:00:00+00:00,0.999872235928636
2026-03-11 21:05:00+00:00,0.9998722405758655
2026-03-11 21:10:00+00:00,0.9998721162216515
2026-03-11 21:15:00+00:00,0.9998721166238241
2026-03-11 21:20:00+00:00,0.9998721163876613
2026-03-11 21:25:00+00:00,0.9998725353661182
2026-03-11 21:30:00+00:00,0.9998725355367202
2026-03-11 21:35:00+00:00,0.9998725932649454
2026-03-11 21:40:00+00:00,0.9998729221167334
2026-03-11 21:45:00+00:00,0.9998729637485991
2026-03-11 21:50:00+00:00,0.9998729550602068
2026-03-11 21:55:00+00:00,0.999873242489343
2026-03-11 22:00:00+00:00,0.999871713305913
2026-03-11 22:05:00+00:00,0.9998714986027458
2026-03-11 22:10:00+00:00,0.9998714472426523
2026-03-11 22:15:00+00:00,0.9998714812879675
2026-03-11 22:20:00+00:00,0.999871082532968
2026-03-11 22:25:00+00:00,0.999871082612372
2026-03-11 22:30:00+00:00,0.9998710870577759
2026-03-11 22:35:00+00:00,0.9998710870577759
2026-03-11 22:40:00+00:00,0.9998710521469836
2026-03-11 22:45:00+00:00,0.9998710597235189
2026-03-11 22:50:00+00:00,0.999866453991963
2026-03-11 22:55:00+00:00,0.9998654298592285
2026-03-11 23:00:00+00:00,0.9998654240622714
2026-03-11 23:05:00+00:00,0.9998655927543934
2026-03-11 23:10:00+00:00,0.9998655718952597
2026-03-11 23:15:00+00:00,0.9998656696450379
2026-03-11 23:20:00+00:00,0.9998656707180792
2026-03-11 23:25:00+00:00,0.9998655060582974
2026-03-11 23:30:00+00:00,0.9998655060582974
2026-03-11 23:35:00+00:00,0.9998655194328971
2026-03-11 23:40:00+00:00,0.9998655154107938
2026-03-11 23:45:00+00:00,0.9998655094716689
2026-03-11 23:50:00+00:00,0.999865826781328
2026-03-11 23:55:00+00:00,0.9998659420772577
2026-03-12 00:00:00+00:00,0.999865891099043
2026-03-12 00:05:00+00:00,0.9998656844530146
2026-03-12 00:10:00+00:00,0.9998656938206059
2026-03-12 00:15:00+00:00,0.9998656917683242
2026-03-12 00:20:00+00:00,0.999865691291854
2026-03-12 00:25:00+00:00,0.9998656865492997
2026-03-12 00:30:00+00:00,0.9998656865492982
2026-03-12 00:35:00+00:00,0.9998656265891184
2026-03-12 00:40:00+00:00,0.9998656265891184
2026-03-12 00:45:00+00:00,0.9998656358536374
2026-03-12 00:50:00+00:00,0.9998653328330945
2026-03-12 00:55:00+00:00,0.9998653246279989
2026-03-12 01:00:00+00:00,0.9998653630188128
2026-03-12 01:05:00+00:00,0.9998653938783085
2026-03-12 01:10:00+00:00,0.9998654319327828
2026-03-12 01:15:00+00:00,0.9998656937722115
2026-03-12 01:20:00+00:00,0.999865717419115
2026-03-12 01:25:00+00:00,0.9998657175169449
2026-03-12 01:30:00+00:00,0.9998657342164006
2026-03-12 01:35:00+00:00,0.9998657098147214
2026-03-12 01:40:00+00:00,0.9998657158491668
2026-03-12 01:45:00+00:00,0.9998657292413136
2026-03-12 01:50:00+00:00,0.9998657292413136
2026-03-12 01:55:00+00:00,0.9998657330115304
2026-03-12 02:00:00+00:00,0.9998657456272394
2026-03-12 02:05:00+00:00,0.9998657443793917
2026-03-12 02:10:00+00:00,0.9998657608767704
2026-03-12 02:15:00+00:00,0.9998657776733515
2026-03-12 02:20:00+00:00,0.9998655128573256
2026-03-12 02:25:00+00:00,0.9998655739453959
2026-03-12 02:30:00+00:00,0.9998645510758958
2026-03-12 02:35:00+00:00,0.9998645510891907
2026-03-12 02:40:00+00:00,0.999864533513251
2026-03-12 02:45:00+00:00,0.9998645305001047
2026-03-12 02:50:00+00:00,0.9998645305001047
2026-03-12 02:55:00+00:00,0.9998644886290539
2026-03-12 03:00:00+00:00,0.9998645647557947
2026-03-12 03:05:00+00:00,0.9998645808371841
2026-03-12 03:10:00+00:00,0.9998645867422261
2026-03-12 03:15:00+00:00,0.9998645949846734
2026-03-12 03:20:00+00:00,0.999864602115701
2026-03-12 03:25:00+00:00,0.9998646504695807
2026-03-12 03:30:00+00:00,0.9998646199550777
2026-03-12 03:35:00+00:00,0.9998646641879836
2026-03-12 03:40:00+00:00,0.9998646544872368
2026-03-12 03:45:00+00:00,0.9998646544872368
2026-03-12 03:50:00+00:00,0.9998646184899798
2026-03-12 03:55:00+00:00,0.9998631604587129
2026-03-12 04:00:00+00:00,0.9998631610345633
2026-03-12 04:05:00+00:00,0.9998630386070709
2026-03-12 04:10:00+00:00,0.9998630427457635
2026-03-12 04:15:00+00:00,0.9998630431408952
2026-03-12 04:20:00+00:00,0.9998630210611422
2026-03-12 04:25:00+00:00,0.9998630361425075
2026-03-12 04:30:00+00:00,0.9998630337663602
2026-03-12 04:35:00+00:00,0.9998630535463596
2026-03-12 04:40:00+00:00,0.9998630541114141
2026-03-12 04:45:00+00:00,0.9998629763863902
2026-03-12 04:50:00+00:00,0.999862998362114
2026-03-12 04:55:00+00:00,0.9998630076374228
2026-03-12 05:00:00+00:00,0.9998630293699103
2026-03-12 05:05:00+00:00,0.9998630319138193
2026-03-12 05:10:00+00:00,0.9998630319138193
2026-03-12 05:15:00+00:00,0.9998629827392389
2026-03-12 05:20:00+00:00,0.9998629827392389
2026-03-12 05:25:00+00:00,0.9998629954398115
2026-03-12 05:30:00+00:00,0.9998634774457675
2026-03-12 05:35:00+00:00,0.9998634852014998
2026-03-12 05:40:00+00:00,0.9998666431340707
2026-03-12 05:45:00+00:00,0.9998725505150493
2026-03-12 05:50:00+00:00,0.9998725495645372
2026-03-12 05:55:00+00:00,0.9998750729827408
2026-03-12 06:00:00+00:00,0.9998751235132431
2026-03-12 06:05:00+00:00,0.9998750663828785
2026-03-12 06:10:00+00:00,0.9998750716675113
2026-03-12 06:15:00+00:00,0.9998750718596228
2026-03-12 06:20:00+00:00,0.9998750475556071
2026-03-12 06:25:00+00:00,0.9998750251994729
2026-03-12 06:30:00+00:00,0.9998789340581838
2026-03-12 06:35:00+00:00,0.9998788776691008
2026-03-12 06:40:00+00:00,0.9998785208389612
2026-03-12 06:45:00+00:00,0.9998784996405976
2026-03-12 06:50:00+00:00,0.999878467419271
2026-03-12 06:55:00+00:00,0.9998785872853063
2026-03-12 07:00:00+00:00,0.9998783951412452
2026-03-12 07:05:00+00:00,0.9998784223359527
2026-03-12 07:10:00+00:00,0.9998778405960923
2026-03-12 07:15:00+00:00,0.9998778413696058
2026-03-12 07:20:00+00:00,0.9998778407859127
2026-03-12 07:25:00+00:00,0.9998778477028979
2026-03-12 07:30:00+00:00,0.999877886125239
2026-03-12 07:35:00+00:00,0.9998777169174682
2026-03-12 07:40:00+00:00,0.9998777172255428
2026-03-12 07:45:00+00:00,0.999877488688
2026-03-12 07:50:00+00:00,0.9998775733303531
2026-03-12 07:55:00+00:00,0.9998774494863752
2026-03-12 08:00:00+00:00,0.9998774634000385
2026-03-12 08:05:00+00:00,0.9998774443434766
2026-03-12 08:10:00+00:00,0.9998823519668275
2026-03-12 08:15:00+00:00,0.9998823598533502
2026-03-12 08:20:00+00:00,0.9998822233405593
2026-03-12 08:25:00+00:00,0.9998818352706064
2026-03-12 08:30:00+00:00,0.9998846222259548
2026-03-12 08:35:00+00:00,0.9998850599147293
2026-03-12 08:40:00+00:00,0.9998850600383755
2026-03-12 08:45:00+00:00,0.9998850811894687
2026-03-12 08:50:00+00:00,0.9998845948871831
2026-03-12 08:55:00+00:00,0.9998845754133286
2026-03-12 09:00:00+00:00,0.9998845879678512
2026-03-12 09:05:00+00:00,0.9998844714311578
2026-03-12 09:10:00+00:00,0.9998844723888377
2026-03-12 09:15:00+00:00,0.9998864027274073
2026-03-12 09:20:00+00:00,0.9998864036883273
2026-03-12 09:25:00+00:00,0.9998863902569096
2026-03-12 09:30:00+00:00,0.9998863856333051
2026-03-12 09:35:00+00:00,0.9998863703497667
2026-03-12 09:40:00+00:00,0.9998887435655102
2026-03-12 09:45:00+00:00,0.9998885073878075
2026-03-12 09:50:00+00:00,0.9998884744066453
2026-03-12 09:55:00+00:00,0.9998883152515955
2026-03-12 10:00:00+00:00,0.9998883235729075
2026-03-12 10:05:00+00:00,0.999888165466007
2026-03-12 10:10:00+00:00,0.9998881665413151
2026-03-12 10:15:00+00:00,0.9998880201933654
2026-03-12 10:20:00+00:00,0.9998879780470153
2026-03-12 10:25:00+00:00,0.9998878838190359
2026-03-12 10:30:00+00:00,0.9998879014584354
2026-03-12 10:35:00+00:00,0.9998955107801333
2026-03-12 10:40:00+00:00,0.9998955094698972
2026-03-12 10:45:00+00:00,0.9998955242458467
2026-03-12 10:50:00+00:00,0.9998955955825167
2026-03-12 10:55:00+00:00,0.9998950214953628
2026-03-12 11:00:00+00:00,0.9998949410392381
2026-03-12 11:05:00+00:00,0.9998993371021311
2026-03-12 11:10:00+00:00,0.999898657942995
2026-03-12 11:15:00+00:00,0.9998985625837579
2026-03-12 11:20:00+00:00,0.9998985001918197
2026-03-12 11:25:00+00:00,0.9998982513909754
2026-03-12 11:30:00+00:00,0.9998982510336684
2026-03-12 11:35:00+00:00,0.9998982679862016
2026-03-12 11:40:00+00:00,0.9998982551679048
2026-03-12 11:45:00+00:00,0.9998981029256948
2026-03-12 11:50:00+00:00,0.9998977885069816
2026-03-12 11:55:00+00:00,0.9998977933631896
2026-03-12 12:00:00+00:00,0.9998975666447764
2026-03-12 12:05:00+00:00,0.9998936087946164
2026-03-12 12:10:00+00:00,0.9998936129966438
2026-03-12 12:15:00+00:00,0.999893607157367
2026-03-12 12:20:00+00:00,0.9998928078233696
2026-03-12 12:25:00+00:00,0.9998928059909666
2026-03-12 12:30:00+00:00,0.9998939394589179
2026-03-12 12:35:00+00:00,0.9998946843435141
2026-03-12 12:40:00+00:00,0.9998946808922201
2026-03-12 12:45:00+00:00,0.9998951931090179
2026-03-12 12:50:00+00:00,0.99989179399944
2026-03-12 12:55:00+00:00,0.9998913449760909
2026-03-12 13:00:00+00:00,0.9998877539650355
2026-03-12 13:05:00+00:00,0.9998876584371496
2026-03-12 13:10:00+00:00,0.9998876173261485
2026-03-12 13:15:00+00:00,0.9998874979034583
2026-03-12 13:20:00+00:00,0.9998873994545706
2026-03-12 13:25:00+00:00,0.999887361986293
2026-03-12 13:30:00+00:00,0.9998863796842873
2026-03-12 13:35:00+00:00,0.9998860031496245
2026-03-12 13:40:00+00:00,0.9998845048666378
2026-03-12 13:45:00+00:00,0.9998844618133609
2026-03-12 13:50:00+00:00,0.9998752971837573
2026-03-12 13:55:00+00:00,0.9998752973662335
2026-03-12 14:00:00+00:00,0.9998745109731836
2026-03-12 14:05:00+00:00,0.9998745004124251
2026-03-12 14:10:00+00:00,0.9998743728517677
2026-03-12 14:15:00+00:00,0.9998725917341706
2026-03-12 14:20:00+00:00,0.9998702211083712
2026-03-12 14:25:00+00:00,0.9998702284831482
2026-03-12 14:30:00+00:00,0.9998701876940765
2026-03-12 14:35:00+00:00,0.9998700679069723
2026-03-12 14:40:00+00:00,0.999870112724293
2026-03-12 14:45:00+00:00,0.9998700860127266
2026-03-12 14:50:00+00:00,0.999870143011538
2026-03-12 14:55:00+00:00,0.9998701572889466
2026-03-12 15:00:00+00:00,0.9998700017647134
2026-03-12 15:05:00+00:00,0.9998700025648243
2026-03-12 15:10:00+00:00,0.9998698447935299
2026-03-12 15:15:00+00:00,0.9998697941467092
2026-03-12 15:20:00+00:00,0.9998698416413339
2026-03-12 15:25:00+00:00,0.9998698002612635
2026-03-12 15:30:00+00:00,0.999869813259417
2026-03-12 15:35:00+00:00,0.9998698067576831
2026-03-12 15:40:00+00:00,0.9998698224995067
2026-03-12 15:45:00+00:00,0.9998696051551569
2026-03-12 15:50:00+00:00,0.999869604767481
2026-03-12 15:55:00+00:00,0.9998602958690147
2026-03-12 16:00:00+00:00,0.9998603462882917
2026-03-12 16:05:00+00:00,0.9998603455187801
2026-03-12 16:10:00+00:00,0.9998602933954508
2026-03-12 16:15:00+00:00,0.9998603952030071
2026-03-12 16:20:00+00:00,0.9998603607047304
2026-03-12 16:25:00+00:00,0.999860595729164
2026-03-12 16:30:00+00:00,0.9998605362085576
2026-03-12 16:35:00+00:00,0.9998605383735094
2026-03-12 16:40:00+00:00,0.999860540901116
2026-03-12 16:45:00+00:00,0.9998603033928607
2026-03-12 16:50:00+00:00,0.9998603045233172
2026-03-12 16:55:00+00:00,0.9998604239212504
2026-03-12 17:00:00+00:00,0.9998604191715438
2026-03-12 17:05:00+00:00,0.9998604546579557
2026-03-12 17:10:00+00:00,0.9998604469583156
2026-03-12 17:15:00+00:00,0.9998605787392084
2026-03-12 17:20:00+00:00,0.9998606546060333
2026-03-12 17:25:00+00:00,0.9998605866185583
2026-03-12 17:30:00+00:00,0.9998613487179919
2026-03-12 17:35:00+00:00,0.999861390544262
2026-03-12 17:40:00+00:00,0.9998614007745271
2026-03-12 17:45:00+00:00,0.9998613873054855
2026-03-12 17:50:00+00:00,0.9998616483622422
2026-03-12 17:55:00+00:00,0.9998616340960389
2026-03-12 18:00:00+00:00,0.9998617888177403
2026-03-12 18:05:00+00:00,0.9998618000512328
2026-03-12 18:10:00+00:00,0.9998618331293379
2026-03-12 18:15:00+00:00,0.9998618404969987
2026-03-12 18:20:00+00:00,0.9998605025809291
2026-03-12 18:25:00+00:00,1.0000873374243262
2026-03-12 18:30:00+00:00,1.0000551975293908
2026-03-12 18:35:00+00:00,1.0000485446853822
2026-03-12 18:40:00+00:00,1.000040820877715
2026-03-12 18:45:00+00:00,1.0000393371481424
2026-03-12 18:50:00+00:00,1.0000305756830048
2026-03-12 18:55:00+00:00,1.000030080810627
2026-03-12 19:00:00+00:00,1.0000511195323964
2026-03-12 19:05:00+00:00,1.000048141379851
2026-03-12 19:10:00+00:00,1.0000414513678837
2026-03-12 19:15:00+00:00,1.000038244797404
2026-03-12 19:20:00+00:00,1.000038210621698
2026-03-12 19:25:00+00:00,1.0000380016879478
2026-03-12 19:30:00+00:00,1.0000375467956106
2026-03-12 19:35:00+00:00,1.0000328680833337
2026-03-12 19:40:00+00:00,1.0000327135766298
2026-03-12 19:45:00+00:00,1.0000312368192052
2026-03-12 19:50:00+00:00,1.0000312136515812
2026-03-12 19:55:00+00:00,1.0000305736084996
2026-03-12 20:00:00+00:00,1.0000303873883392
2026-03-12 20:05:00+00:00,1.000029879316169
2026-03-12 20:10:00+00:00,1.0000270241342886
2026-03-12 20:15:00+00:00,1.0000253210766064
2026-03-12 20:20:00+00:00,1.0000127990931715
2026-03-12 20:25:00+00:00,1.0000113440715557
2026-03-12 20:30:00+00:00,1.0000105166305844
2026-03-12 20:35:00+00:00,1.0000098914358206
2026-03-12 20:40:00+00:00,1.0000099387229784
2026-03-12 20:45:00+00:00,1.0000100161804388
2026-03-12 20:50:00+00:00,1.0000099836658292
2026-03-12 20:55:00+00:00,1.0000095448510797
2026-03-12 21:00:00+00:00,1.0000094766386367
2026-03-12 21:05:00+00:00,1.0000081915416261
2026-03-12 21:10:00+00:00,1.0000081845447326
2026-03-12 21:15:00+00:00,1.00000818456734
2026-03-12 21:20:00+00:00,1.0000003518112546
2026-03-12 21:25:00+00:00,0.9999970246484061
2026-03-12 21:30:00+00:00,0.9999960718114235
2026-03-12 21:35:00+00:00,0.9999882828702038
2026-03-12 21:40:00+00:00,0.9999882240795472
2026-03-12 21:45:00+00:00,0.9999880545385158
2026-03-12 21:50:00+00:00,0.9999880624986253
2026-03-12 21:55:00+00:00,0.999988014564404
2026-03-12 22:00:00+00:00,0.9999856455801478
2026-03-12 22:05:00+00:00,0.9999859180423523
2026-03-12 22:10:00+00:00,0.9999859517569284
2026-03-12 22:15:00+00:00,0.9999859637611461
2026-03-12 22:20:00+00:00,0.9999857444405769
2026-03-12 22:25:00+00:00,0.999985657285792
2026-03-12 22:30:00+00:00,0.9999856581384459
2026-03-12 22:35:00+00:00,0.9999846858742953
2026-03-12 22:40:00+00:00,0.9999845817287033
2026-03-12 22:45:00+00:00,0.9999844408461569
2026-03-12 22:50:00+00:00,0.9999834302613929
2026-03-12 22:55:00+00:00,0.9999835276485208
2026-03-12 23:00:00+00:00,0.9999835330068226
2026-03-12 23:05:00+00:00,0.9999832369663123
2026-03-12 23:10:00+00:00,0.9999827417741589
2026-03-12 23:15:00+00:00,0.9999827539215216
2026-03-12 23:20:00+00:00,0.999982700491319
2026-03-12 23:25:00+00:00,0.9999827744018762
2026-03-12 23:30:00+00:00,0.9999827567068895
2026-03-12 23:35:00+00:00,0.9999827841905958
2026-03-12 23:40:00+00:00,0.9999821048092679
2026-03-12 23:45:00+00:00,0.9999821123181462
2026-03-12 23:50:00+00:00,0.9999821014402392
2026-03-12 23:55:00+00:00,0.9999809525197468
2026-03-13 00:00:00+00:00,0.9999809816481587
2026-03-13 00:05:00+00:00,0.9999811926108971
2026-03-13 00:10:00+00:00,0.999981111667956
2026-03-13 00:15:00+00:00,0.9999809927785062
2026-03-13 00:20:00+00:00,0.9999804749708397
2026-03-13 00:25:00+00:00,0.9999783828966358
2026-03-13 00:30:00+00:00,0.9999756726415306
2026-03-13 00:35:00+00:00,0.999974967948513
2026-03-13 00:40:00+00:00,0.9999729928056894
2026-03-13 00:45:00+00:00,0.9999729937059523
2026-03-13 00:50:00+00:00,0.999973050474759
2026-03-13 00:55:00+00:00,0.999973889485083
2026-03-13 01:00:00+00:00,0.999975532970421
2026-03-13 01:05:00+00:00,0.9999756053967156
2026-03-13 01:10:00+00:00,0.9999714239969856
2026-03-13 01:15:00+00:00,0.9999710559331308
2026-03-13 01:20:00+00:00,0.9999710519466588
2026-03-13 01:25:00+00:00,0.9999705469863267
2026-03-13 01:30:00+00:00,0.9999706138514847
2026-03-13 01:35:00+00:00,0.9999705761292241
2026-03-13 01:40:00+00:00,0.999971532314743
2026-03-13 01:45:00+00:00,0.9999711115295539
2026-03-13 01:50:00+00:00,0.9999708790747992
2026-03-13 01:55:00+00:00,0.99997082448709
2026-03-13 02:00:00+00:00,0.9999692081370426
2026-03-13 02:05:00+00:00,0.9999691845536806
2026-03-13 02:10:00+00:00,0.9999692498618843
2026-03-13 02:15:00+00:00,0.9999691371347358
2026-03-13 02:20:00+00:00,0.9999689451751272
2026-03-13 02:25:00+00:00,0.9999671998001669
2026-03-13 02:30:00+00:00,0.9999672033648214
2026-03-13 02:35:00+00:00,0.9999668921623188
2026-03-13 02:40:00+00:00,0.9999680675454701
2026-03-13 02:45:00+00:00,0.9999678117461813
2026-03-13 02:50:00+00:00,0.9999705860430453
2026-03-13 02:55:00+00:00,0.9999661222767705
2026-03-13 03:00:00+00:00,0.9999661222767705
2026-03-13 03:05:00+00:00,0.9999662928005637
2026-03-13 03:10:00+00:00,0.9999660627448475
2026-03-13 03:15:00+00:00,0.9999661027775374
2026-03-13 03:20:00+00:00,0.9999652929846262
2026-03-13 03:25:00+00:00,0.9999652906907479
2026-03-13 03:30:00+00:00,0.9999614948074395
2026-03-13 03:35:00+00:00,0.9999615142087187
2026-03-13 03:40:00+00:00,0.9999615041480489
2026-03-13 03:45:00+00:00,0.9999618062955351
2026-03-13 03:50:00+00:00,0.9999618322902866
2026-03-13 03:55:00+00:00,0.9999618240421297
2026-03-13 04:00:00+00:00,0.9999618340876734
2026-03-13 04:05:00+00:00,0.9999618340876734
2026-03-13 04:10:00+00:00,0.999961800332684
2026-03-13 04:15:00+00:00,0.999961800332684
2026-03-13 04:20:00+00:00,0.999961800332684
2026-03-13 04:25:00+00:00,0.999961800332684
2026-03-13 04:30:00+00:00,0.9999617449513795
2026-03-13 04:35:00+00:00,0.9999615017437815
2026-03-13 04:40:00+00:00,0.9999546789035825
2026-03-13 04:45:00+00:00,0.9999546032095926
2026-03-13 04:50:00+00:00,0.999954663419984
2026-03-13 04:55:00+00:00,0.9999545447755616
2026-03-13 05:00:00+00:00,0.9999545453959852
2026-03-13 05:05:00+00:00,0.9999545461113002
2026-03-13 05:10:00+00:00,0.9999545461113002
2026-03-13 05:15:00+00:00,0.9999537684756135
2026-03-13 05:20:00+00:00,0.9999537564903178
2026-03-13 05:25:00+00:00,0.9999537566854307
2026-03-13 05:30:00+00:00,0.9999537862079898
2026-03-13 05:35:00+00:00,0.9999537830461119
2026-03-13 05:40:00+00:00,0.9999537941057693
2026-03-13 05:45:00+00:00,0.9999537939219386
2026-03-13 05:50:00+00:00,0.9999538411438612
2026-03-13 05:55:00+00:00,0.9999538570554924
2026-03-13 06:00:00+00:00,0.9999538575714358
2026-03-13 06:05:00+00:00,0.9999537128998534
2026-03-13 06:10:00+00:00,0.9999537128998534
2026-03-13 06:15:00+00:00,0.999954434692888
2026-03-13 06:20:00+00:00,0.9999544335423339
2026-03-13 06:25:00+00:00,0.9999544526708717
2026-03-13 06:30:00+00:00,0.999954933860629
2026-03-13 06:35:00+00:00,0.9999545210014076
2026-03-13 06:40:00+00:00,0.9999544902837052
2026-03-13 06:45:00+00:00,0.9999544992671999
2026-03-13 06:50:00+00:00,0.9999544826175409
2026-03-13 06:55:00+00:00,0.9999541410852661
2026-03-13 07:00:00+00:00,0.9999542775807728
2026-03-13 07:05:00+00:00,0.9999543105585094
2026-03-13 07:10:00+00:00,0.9999517390220435
2026-03-13 07:15:00+00:00,0.9999515823244883
2026-03-13 07:20:00+00:00,0.9999499121669292
2026-03-13 07:25:00+00:00,0.999948847664008
2026-03-13 07:30:00+00:00,0.999948864530904
2026-03-13 07:35:00+00:00,0.9999488461236719
2026-03-13 07:40:00+00:00,0.9999488451911632
2026-03-13 07:45:00+00:00,0.9999480043753581
2026-03-13 07:50:00+00:00,0.9999479501640987
2026-03-13 07:55:00+00:00,0.9999479521652698
2026-03-13 08:00:00+00:00,0.9999479398989183
2026-03-13 08:05:00+00:00,0.9999478880787559
2026-03-13 08:10:00+00:00,0.9999437127916405
2026-03-13 08:15:00+00:00,0.999943681996128
2026-03-13 08:20:00+00:00,0.9999436809000821
2026-03-13 08:25:00+00:00,0.9999436809000821
2026-03-13 08:30:00+00:00,0.9999434022262212
2026-03-13 08:35:00+00:00,0.999943418308334
2026-03-13 08:40:00+00:00,0.9999421855233784
2026-03-13 08:45:00+00:00,0.9999421748448802
2026-03-13 08:50:00+00:00,0.9999420615288546
2026-03-13 08:55:00+00:00,0.9999420615288546
2026-03-13 09:00:00+00:00,0.9999420266646081
2026-03-13 09:05:00+00:00,0.9999419953395123
2026-03-13 09:10:00+00:00,0.9999419980090727
2026-03-13 09:15:00+00:00,0.9999421317491046
2026-03-13 09:20:00+00:00,0.9999421261158408
2026-03-13 09:25:00+00:00,0.9999421548665992
2026-03-13 09:30:00+00:00,0.9999421542538995
2026-03-13 09:35:00+00:00,0.9999419356615977
2026-03-13 09:40:00+00:00,0.9999419317220843
2026-03-13 09:45:00+00:00,0.9999420178483781
2026-03-13 09:50:00+00:00,0.9999496581809507
2026-03-13 09:55:00+00:00,0.9999496196523046
2026-03-13 10:00:00+00:00,0.9999486670589075
2026-03-13 10:05:00+00:00,0.9999485233054355
2026-03-13 10:10:00+00:00,0.9999485237609642
2026-03-13 10:15:00+00:00,0.9999485237609642
2026-03-13 10:20:00+00:00,0.9999295937957593
2026-03-13 10:25:00+00:00,0.9999296153670979
2026-03-13 10:30:00+00:00,0.9999284254665429
2026-03-13 10:35:00+00:00,0.9999283723412963
2026-03-13 10:40:00+00:00,0.9999283404621908
2026-03-13 10:45:00+00:00,0.9999282949360466
2026-03-13 10:50:00+00:00,0.9999283653372358
2026-03-13 10:55:00+00:00,0.9999282674560157
2026-03-13 11:00:00+00:00,0.9999273622889707
2026-03-13 11:05:00+00:00,0.9999273622889707
2026-03-13 11:10:00+00:00,0.9999273626023942
2026-03-13 11:15:00+00:00,0.9999273060629311
2026-03-13 11:20:00+00:00,0.9999272669179795
2026-03-13 11:25:00+00:00,0.9999272466687987
2026-03-13 11:30:00+00:00,0.9999271271593739
2026-03-13 11:35:00+00:00,0.999926957493447
2026-03-13 11:40:00+00:00,0.999926936564875
2026-03-13 11:45:00+00:00,0.9999269487597222
2026-03-13 11:50:00+00:00,0.9999269629676799
2026-03-13 11:55:00+00:00,0.999927237289707
2026-03-13 12:00:00+00:00,0.9999271602936219
2026-03-13 12:05:00+00:00,0.9999271307942313
2026-03-13 12:10:00+00:00,0.9999271359018053
2026-03-13 12:15:00+00:00,0.9999271040753079
2026-03-13 12:20:00+00:00,0.9999271998947548
2026-03-13 12:25:00+00:00,0.9999271773950937
2026-03-13 12:30:00+00:00,0.9999272203092254
2026-03-13 12:35:00+00:00,0.9999271589066957
2026-03-13 12:40:00+00:00,0.9999271844174998
2026-03-13 12:45:00+00:00,0.9999271843722566
2026-03-13 12:50:00+00:00,0.9999263564865596
2026-03-13 12:55:00+00:00,0.9999033002084827
2026-03-13 13:00:00+00:00,0.9999030425206428
2026-03-13 13:05:00+00:00,0.9999027129005424
2026-03-13 13:10:00+00:00,0.9999024308453335
2026-03-13 13:15:00+00:00,0.999902351220139
2026-03-13 13:20:00+00:00,0.9999022491856604
2026-03-13 13:25:00+00:00,0.9998957495959192
2026-03-13 13:30:00+00:00,0.9998948930131053
2026-03-13 13:35:00+00:00,0.9998900982745919
2026-03-13 13:40:00+00:00,0.9998900643392763
2026-03-13 13:45:00+00:00,0.9998898519750387
2026-03-13 13:50:00+00:00,0.9998895995520944
2026-03-13 13:55:00+00:00,0.9998893422276957
2026-03-13 14:00:00+00:00,0.999889170906217
2026-03-13 14:05:00+00:00,0.9998684862174773
2026-03-13 14:10:00+00:00,0.9998685439366836
2026-03-13 14:15:00+00:00,0.9998684397829537
2026-03-13 14:20:00+00:00,0.999858839258285
2026-03-13 14:25:00+00:00,0.9998315183283614
2026-03-13 14:30:00+00:00,0.99981175369024
2026-03-13 14:35:00+00:00,0.9997893259822521
2026-03-13 14:40:00+00:00,0.999731048239723
2026-03-13 14:45:00+00:00,0.9997282617856386
2026-03-13 14:50:00+00:00,0.9996305412500662
2026-03-13 14:55:00+00:00,0.9996306046291815
2026-03-13 15:00:00+00:00,0.9996304647005358
2026-03-13 15:05:00+00:00,0.9996257677634603
2026-03-13 15:10:00+00:00,0.9996246025797517
2026-03-13 15:15:00+00:00,0.999625251276416
2026-03-13 15:20:00+00:00,0.9996253559376983
2026-03-13 15:25:00+00:00,0.9996270716160872
2026-03-13 15:30:00+00:00,0.9996270370158247
2026-03-13 15:35:00+00:00,0.9996270376399073
2026-03-13 15:40:00+00:00,0.9996279888747573
2026-03-13 15:45:00+00:00,0.9996280129684117
2026-03-13 15:50:00+00:00,0.9996319152243122
2026-03-13 15:55:00+00:00,0.9996319157718928
2026-03-13 16:00:00+00:00,0.9996322900425106
2026-03-13 16:05:00+00:00,0.9996322423525661
2026-03-13 16:10:00+00:00,0.999628790004022
2026-03-13 16:15:00+00:00,0.9996496704791658
2026-03-13 16:20:00+00:00,0.9996501283842611
2026-03-13 16:25:00+00:00,0.9996532874981761
2026-03-13 16:30:00+00:00,0.999650037401175
2026-03-13 16:35:00+00:00,0.9996502170991186
2026-03-13 16:40:00+00:00,0.9996504955225785
2026-03-13 16:45:00+00:00,0.9996509322578442
2026-03-13 16:50:00+00:00,0.9996517591213567
2026-03-13 16:55:00+00:00,0.9996517567168559
2026-03-13 17:00:00+00:00,0.9996516153904129
2026-03-13 17:05:00+00:00,0.9996522857215988
2026-03-13 17:10:00+00:00,0.9996523138108822
2026-03-13 17:15:00+00:00,0.9996545303124574
2026-03-13 17:20:00+00:00,0.9996544956287198
2026-03-13 17:25:00+00:00,0.999665384234381
2026-03-13 17:30:00+00:00,0.9996822527709189
2026-03-13 17:35:00+00:00,0.9996807479534894
2026-03-13 17:40:00+00:00,0.9996809962477516
2026-03-13 17:45:00+00:00,0.9997120726409112
2026-03-13 17:50:00+00:00,0.999712011761775
2026-03-13 17:55:00+00:00,0.9997120142723032
2026-03-13 18:00:00+00:00,0.9997118011777981
2026-03-13 18:05:00+00:00,0.9997118857701526
2026-03-13 18:10:00+00:00,0.9997116007042384
2026-03-13 18:15:00+00:00,0.999733654737732
2026-03-13 18:20:00+00:00,0.9997338073881255
2026-03-13 18:25:00+00:00,0.9997396764622405
2026-03-13 18:30:00+00:00,0.9997419969027436
2026-03-13 18:35:00+00:00,0.999742206017738
2026-03-13 18:40:00+00:00,0.9997438431754826
2026-03-13 18:45:00+00:00,0.9997478647885126
2026-03-13 18:50:00+00:00,0.9997555282930318
2026-03-13 18:55:00+00:00,0.9997643606512651
2026-03-13 19:00:00+00:00,0.9997668675988581
2026-03-13 19:05:00+00:00,0.999766945207102
2026-03-13 19:10:00+00:00,0.9997680969107694
2026-03-13 19:15:00+00:00,0.9997680964762827
2026-03-13 19:20:00+00:00,0.9997681331375287
2026-03-13 19:25:00+00:00,0.9997677843500526
2026-03-13 19:30:00+00:00,0.999767794858494
2026-03-13 19:35:00+00:00,0.9997677938669883
2026-03-13 19:40:00+00:00,0.9997678986546742
2026-03-13 19:45:00+00:00,0.9997698075754923
2026-03-13 19:50:00+00:00,0.9997697670309481
2026-03-13 19:55:00+00:00,0.9997695562236435
2026-03-13 20:00:00+00:00,0.9997696044734566
2026-03-13 20:05:00+00:00,0.9997696044343007
2026-03-13 20:10:00+00:00,0.9997695918021849
2026-03-13 20:15:00+00:00,0.9997696185053386
2026-03-13 20:20:00+00:00,0.9997696540965159
2026-03-13 20:25:00+00:00,0.9997696500714103
2026-03-13 20:30:00+00:00,0.9997696496864242
2026-03-13 20:35:00+00:00,0.9997696500062868
2026-03-13 20:40:00+00:00,0.9997696211353618
2026-03-13 20:45:00+00:00,0.9997700794528713
2026-03-13 20:50:00+00:00,0.9997700927023561
2026-03-13 20:55:00+00:00,0.9997701950340254
2026-03-13 21:00:00+00:00,0.9997701940502459
2026-03-13 21:05:00+00:00,0.9997700921661513
2026-03-13 21:10:00+00:00,0.9997700920445606
2026-03-13 21:15:00+00:00,0.9997700919394359
2026-03-13 21:20:00+00:00,0.9997700546766373
2026-03-13 21:25:00+00:00,0.9997700352343161
2026-03-13 21:30:00+00:00,0.9997702945555135
2026-03-13 21:35:00+00:00,0.9997702777986386
2026-03-13 21:40:00+00:00,0.9997702720388866
2026-03-13 21:45:00+00:00,0.9997702772282029
2026-03-13 21:50:00+00:00,0.999770290393224
2026-03-13 21:55:00+00:00,0.9997701743380913
2026-03-13 22:00:00+00:00,0.999770201211812
2026-03-13 22:05:00+00:00,0.9997702137069007
2026-03-13 22:10:00+00:00,0.9997702003822309
2026-03-13 22:15:00+00:00,0.9997702151090547
2026-03-13 22:20:00+00:00,0.9997701779538347
2026-03-13 22:25:00+00:00,0.9997700581609731
2026-03-13 22:30:00+00:00,0.9997700534392633
2026-03-13 22:35:00+00:00,0.9997659846072982
2026-03-13 22:40:00+00:00,0.9997660059853037
2026-03-13 22:45:00+00:00,0.9997660292989113
2026-03-13 22:50:00+00:00,0.999766049877124
2026-03-13 22:55:00+00:00,0.9997659559749331
2026-03-13 23:00:00+00:00,0.9997639071659189
2026-03-13 23:05:00+00:00,0.9997629818624868
2026-03-13 23:10:00+00:00,0.9997629802081757
2026-03-13 23:15:00+00:00,0.9997629688092051
2026-03-13 23:20:00+00:00,0.9997629912571016
2026-03-13 23:25:00+00:00,0.9997629912571016
2026-03-13 23:30:00+00:00,0.9997629912571016
2026-03-13 23:35:00+00:00,0.9997629962023387
2026-03-13 23:40:00+00:00,0.9997629988539495
2026-03-13 23:45:00+00:00,0.9997630300542646
2026-03-13 23:50:00+00:00,0.9997630274786112
2026-03-13 23:55:00+00:00,0.9997629820903922
2026-03-14 00:00:00+00:00,0.9997629528268737
2026-03-14 00:05:00+00:00,0.999762895183188
2026-03-14 00:10:00+00:00,0.9997628959328669
2026-03-14 00:15:00+00:00,0.9997628959328669
2026-03-14 00:20:00+00:00,0.9997626044848451
2026-03-14 00:25:00+00:00,0.9997625664545142
2026-03-14 00:30:00+00:00,0.9997625057658612
2026-03-14 00:35:00+00:00,0.9997625270658966
2026-03-14 00:40:00+00:00,0.9997625200825991
2026-03-14 00:45:00+00:00,0.9997625761150262
2026-03-14 00:50:00+00:00,0.9997623127390567
2026-03-14 00:55:00+00:00,0.9997623073672868
2026-03-14 01:00:00+00:00,0.9997623162731836
2026-03-14 01:05:00+00:00,0.999762314241686
2026-03-14 01:10:00+00:00,0.9997602716819565
2026-03-14 01:15:00+00:00,0.9997602701475176
2026-03-14 01:20:00+00:00,0.9997603519262941
2026-03-14 01:25:00+00:00,0.9997604442685626
2026-03-14 01:30:00+00:00,0.9997604732436782
2026-03-14 01:35:00+00:00,0.9997607402235432
2026-03-14 01:40:00+00:00,0.9997603564557501
2026-03-14 01:45:00+00:00,0.9997603498292511
2026-03-14 01:50:00+00:00,0.9997610578789757
2026-03-14 01:55:00+00:00,0.9997619559408807
2026-03-14 02:00:00+00:00,0.9997619551230448
2026-03-14 02:05:00+00:00,0.9997619408451581
2026-03-14 02:10:00+00:00,0.9997619103208004
2026-03-14 02:15:00+00:00,0.9997601799586234
2026-03-14 02:20:00+00:00,0.9997601804682409
2026-03-14 02:25:00+00:00,0.9997601059285997
2026-03-14 02:30:00+00:00,0.9997600356617219
2026-03-14 02:35:00+00:00,0.999759871375423
2026-03-14 02:40:00+00:00,0.9997600960529427
2026-03-14 02:45:00+00:00,0.9997600329189958
2026-03-14 02:50:00+00:00,0.9997600440231921
2026-03-14 02:55:00+00:00,0.9997600716417282
2026-03-14 03:00:00+00:00,0.99976003138498
2026-03-14 03:05:00+00:00,0.9997600172643321
2026-03-14 03:10:00+00:00,0.9997599882168428
2026-03-14 03:15:00+00:00,0.9997599884425917
2026-03-14 03:20:00+00:00,0.9997595310089784
2026-03-14 03:25:00+00:00,0.9997595313527616
2026-03-14 03:30:00+00:00,0.9997598776770764
2026-03-14 03:35:00+00:00,0.9997588713854149
2026-03-14 03:40:00+00:00,0.9997588665575277
2026-03-14 03:45:00+00:00,0.9997588665575277
2026-03-14 03:50:00+00:00,0.9997589162721906
2026-03-14 03:55:00+00:00,0.9997589791580733
2026-03-14 04:00:00+00:00,0.9997589480435131
2026-03-14 04:05:00+00:00,0.9997589727647034
2026-03-14 04:10:00+00:00,0.9997590167576007
2026-03-14 04:15:00+00:00,0.9997590578390997
2026-03-14 04:20:00+00:00,0.9997591929048848
2026-03-14 04:25:00+00:00,0.999759193418295
2026-03-14 04:30:00+00:00,0.9997591960936927
2026-03-14 04:35:00+00:00,0.999759196898606
2026-03-14 04:40:00+00:00,0.9997591996611153
2026-03-14 04:45:00+00:00,0.9997586435805673
2026-03-14 04:50:00+00:00,0.9997597208115078
2026-03-14 04:55:00+00:00,0.9997596700745324
2026-03-14 05:00:00+00:00,0.9997598113137721
2026-03-14 05:05:00+00:00,0.9997598114678059
2026-03-14 05:10:00+00:00,0.9997598321763225
2026-03-14 05:15:00+00:00,0.9997598321763225
2026-03-14 05:20:00+00:00,0.9997597683041308
2026-03-14 05:25:00+00:00,0.999759767951714
2026-03-14 05:30:00+00:00,0.9997597707967614
2026-03-14 05:35:00+00:00,0.9997597700092836
2026-03-14 05:40:00+00:00,0.9997578337877376
2026-03-14 05:45:00+00:00,0.9997578337877376
2026-03-14 05:50:00+00:00,0.9997578280911993
2026-03-14 05:55:00+00:00,0.9997578310946027
2026-03-14 06:00:00+00:00,0.999757817302711
2026-03-14 06:05:00+00:00,0.9997577932215495
2026-03-14 06:10:00+00:00,0.9997577974257643
2026-03-14 06:15:00+00:00,0.9997575443008312
2026-03-14 06:20:00+00:00,0.9997574925197745
2026-03-14 06:25:00+00:00,0.9997575113150474
2026-03-14 06:30:00+00:00,0.9997570937877066
2026-03-14 06:35:00+00:00,0.9997570837343756
2026-03-14 06:40:00+00:00,0.99975702440053
2026-03-14 06:45:00+00:00,0.9997573341771752
2026-03-14 06:50:00+00:00,0.9997564516498665
2026-03-14 06:55:00+00:00,0.9997564814348893
2026-03-14 07:00:00+00:00,0.9997565358658125
2026-03-14 07:05:00+00:00,0.9997446250652473
2026-03-14 07:10:00+00:00,0.9997446684366794
2026-03-14 07:15:00+00:00,0.9997448934174876
2026-03-14 07:20:00+00:00,0.9997450077606452
2026-03-14 07:25:00+00:00,0.9997450083231499
2026-03-14 07:30:00+00:00,0.9997450408965182
2026-03-14 07:35:00+00:00,0.9997451528392759
2026-03-14 07:40:00+00:00,0.9997451412848156
2026-03-14 07:45:00+00:00,0.9997451412848156
2026-03-14 07:50:00+00:00,0.999745144270213
2026-03-14 07:55:00+00:00,0.9997451446810244
2026-03-14 08:00:00+00:00,0.9997451293555695
2026-03-14 08:05:00+00:00,0.9997451469363722
2026-03-14 08:10:00+00:00,0.9997451484769149
2026-03-14 08:15:00+00:00,0.9997451216732516
2026-03-14 08:20:00+00:00,0.9997451223638903
2026-03-14 08:25:00+00:00,0.999745228487802
2026-03-14 08:30:00+00:00,0.9997452298023985
2026-03-14 08:35:00+00:00,0.9997452298023985
2026-03-14 08:40:00+00:00,0.9997451803247326
2026-03-14 08:45:00+00:00,0.9997451818652754
2026-03-14 08:50:00+00:00,0.9997451751050044
2026-03-14 08:55:00+00:00,0.9997451839809168
2026-03-14 09:00:00+00:00,0.9997451963675573
2026-03-14 09:05:00+00:00,0.9997451971863632
2026-03-14 09:10:00+00:00,0.9997453017393959
2026-03-14 09:15:00+00:00,0.9997453122550902
2026-03-14 09:20:00+00:00,0.9997453325419605
2026-03-14 09:25:00+00:00,0.9997452933244132
2026-03-14 09:30:00+00:00,0.9997453054278514
2026-03-14 09:35:00+00:00,0.9997452826165526
2026-03-14 09:40:00+00:00,0.9997453137499361
2026-03-14 09:45:00+00:00,0.9997453137499361
2026-03-14 09:50:00+00:00,0.999745293171174
2026-03-14 09:55:00+00:00,0.9997452947320229
2026-03-14 10:00:00+00:00,0.9997453334596168
2026-03-14 10:05:00+00:00,0.9997453450343543
2026-03-14 10:10:00+00:00,0.9997453580459493
2026-03-14 10:15:00+00:00,0.9997453934582056
2026-03-14 10:20:00+00:00,0.9997454451692515
2026-03-14 10:25:00+00:00,0.9997454458222887
2026-03-14 10:30:00+00:00,0.9997454627943054
2026-03-14 10:35:00+00:00,0.9997454843595255
2026-03-14 10:40:00+00:00,0.9997455105749303
2026-03-14 10:45:00+00:00,0.9997453873090357
2026-03-14 10:50:00+00:00,0.9997453872044119
2026-03-14 10:55:00+00:00,0.999745353925833
2026-03-14 11:00:00+00:00,0.9997454450059384
2026-03-14 11:05:00+00:00,0.9997464227373957
2026-03-14 11:10:00+00:00,0.9997464227373957
2026-03-14 11:15:00+00:00,0.999746416959341
2026-03-14 11:20:00+00:00,0.9997489841541743
2026-03-14 11:25:00+00:00,0.9997489841541743
2026-03-14 11:30:00+00:00,0.9997489873517043
2026-03-14 11:35:00+00:00,0.9997491007591337
2026-03-14 11:40:00+00:00,0.9997488177607683
2026-03-14 11:45:00+00:00,0.99974896303062
2026-03-14 11:50:00+00:00,0.9997491235453454
2026-03-14 11:55:00+00:00,0.9997491361450962
2026-03-14 12:00:00+00:00,0.9997470281316907
2026-03-14 12:05:00+00:00,0.9997469225840886
2026-03-14 12:10:00+00:00,0.9997469276752963
2026-03-14 12:15:00+00:00,0.9997469269426145
2026-03-14 12:20:00+00:00,0.9997467778580802
2026-03-14 12:25:00+00:00,0.9997467182269081
2026-03-14 12:30:00+00:00,0.9997462295515681
2026-03-14 12:35:00+00:00,0.9997462234211824
2026-03-14 12:40:00+00:00,0.9997463329722168
2026-03-14 12:45:00+00:00,0.9997463385000968
2026-03-14 12:50:00+00:00,0.9997463589259742
2026-03-14 12:55:00+00:00,0.999746278997171
2026-03-14 13:00:00+00:00,0.9997464655742228
2026-03-14 13:05:00+00:00,0.9997464811936414
2026-03-14 13:10:00+00:00,0.9997464817026797
2026-03-14 13:15:00+00:00,0.9997464501281392
2026-03-14 13:20:00+00:00,0.9997464503260269
2026-03-14 13:25:00+00:00,0.9997464524012658
2026-03-14 13:30:00+00:00,0.9997464524012658
2026-03-14 13:35:00+00:00,0.9997464490762371
2026-03-14 13:40:00+00:00,0.9997464509969709
2026-03-14 13:45:00+00:00,0.999746413556261
2026-03-14 13:50:00+00:00,0.9997463978274291
2026-03-14 13:55:00+00:00,0.9997470178526191
2026-03-14 14:00:00+00:00,0.9997473176351186
2026-03-14 14:05:00+00:00,0.9997472855264142
2026-03-14 14:10:00+00:00,0.9997472858139523
2026-03-14 14:15:00+00:00,0.9997466020552621
2026-03-14 14:20:00+00:00,0.9997466023063183
2026-03-14 14:25:00+00:00,0.9997466403677004
2026-03-14 14:30:00+00:00,0.9997466403677004
2026-03-14 14:35:00+00:00,0.999746444817803
2026-03-14 14:40:00+00:00,0.9997464578148468
2026-03-14 14:45:00+00:00,0.9997464341470533
2026-03-14 14:50:00+00:00,0.9997468174212377
2026-03-14 14:55:00+00:00,0.9997467949820659
2026-03-14 15:00:00+00:00,0.9997466228031735
2026-03-14 15:05:00+00:00,0.9997476672837348
2026-03-14 15:10:00+00:00,0.9997477721105476
2026-03-14 15:15:00+00:00,0.9997477721639468
2026-03-14 15:20:00+00:00,0.9997477405076268
2026-03-14 15:25:00+00:00,0.9997477514681173
2026-03-14 15:30:00+00:00,0.9997477390775891
2026-03-14 15:35:00+00:00,0.9997478144706531
2026-03-14 15:40:00+00:00,0.9997468964688313
2026-03-14 15:45:00+00:00,0.9997468440061226
2026-03-14 15:50:00+00:00,0.9997465055244695
2026-03-14 15:55:00+00:00,0.9997465437557297
2026-03-14 16:00:00+00:00,0.9997465424956204
2026-03-14 16:05:00+00:00,0.9997464845435003
2026-03-14 16:10:00+00:00,0.9997454856279697
2026-03-14 16:15:00+00:00,0.9997455089454841
2026-03-14 16:20:00+00:00,0.9997455241018829
2026-03-14 16:25:00+00:00,0.9997455320427868
2026-03-14 16:30:00+00:00,0.999745639892614
2026-03-14 16:35:00+00:00,0.9997451355012505
2026-03-14 16:40:00+00:00,0.9997450976479567
2026-03-14 16:45:00+00:00,0.999745108156803
2026-03-14 16:50:00+00:00,0.9997451341646607
2026-03-14 16:55:00+00:00,0.9997451411945704
2026-03-14 17:00:00+00:00,0.9997451484850023
2026-03-14 17:05:00+00:00,0.9997451348277555
2026-03-14 17:10:00+00:00,0.9997451293284071
2026-03-14 17:15:00+00:00,0.9997451293284071
2026-03-14 17:20:00+00:00,0.9997451282497095
2026-03-14 17:25:00+00:00,0.9997451299906489
2026-03-14 17:30:00+00:00,0.999745139347466
2026-03-14 17:35:00+00:00,0.9997451397107835
2026-03-14 17:40:00+00:00,0.9997451404786224
2026-03-14 17:45:00+00:00,0.9997451421233818
2026-03-14 17:50:00+00:00,0.9997451477220621
2026-03-14 17:55:00+00:00,0.9997451444164756
2026-03-14 18:00:00+00:00,0.9997464888476135
2026-03-14 18:05:00+00:00,0.9997489111878676
2026-03-14 18:10:00+00:00,0.9997502498611032
2026-03-14 18:15:00+00:00,0.9997515842550813
2026-03-14 18:20:00+00:00,0.9997530187495143
2026-03-14 18:25:00+00:00,0.9997556802063342
2026-03-14 18:30:00+00:00,0.999762119558083
2026-03-14 18:35:00+00:00,0.9997621061702905
2026-03-14 18:40:00+00:00,0.9997620654749032
2026-03-14 18:45:00+00:00,0.9997620591765085
2026-03-14 18:50:00+00:00,0.9997620591251455
2026-03-14 18:55:00+00:00,0.9997620651030338
2026-03-14 19:00:00+00:00,0.9997620348193723
2026-03-14 19:05:00+00:00,0.9997616218300898
2026-03-14 19:10:00+00:00,0.9997615917704789
2026-03-14 19:15:00+00:00,0.9997615942531939
2026-03-14 19:20:00+00:00,0.9997615943969622
2026-03-14 19:25:00+00:00,0.9997616016256877
2026-03-14 19:30:00+00:00,0.9997616157519758
2026-03-14 19:35:00+00:00,0.9997615668229313
2026-03-14 19:40:00+00:00,0.9997611950693658
2026-03-14 19:45:00+00:00,0.9997612116293587
2026-03-14 19:50:00+00:00,0.9997611651481856
2026-03-14 19:55:00+00:00,0.9997611964122818
2026-03-14 20:00:00+00:00,0.9997612001483647
2026-03-14 20:05:00+00:00,0.9997611959342313
2026-03-14 20:10:00+00:00,0.9997611961759579
2026-03-14 20:15:00+00:00,0.9997612270188723
2026-03-14 20:20:00+00:00,0.9997612117897039
2026-03-14 20:25:00+00:00,0.9997611684479938
2026-03-14 20:30:00+00:00,0.9997611194550394
2026-03-14 20:35:00+00:00,0.9997610737418022
2026-03-14 20:40:00+00:00,0.9997610743579592
2026-03-14 20:45:00+00:00,0.9997611108064176
2026-03-14 20:50:00+00:00,0.999761061519756
2026-03-14 20:55:00+00:00,0.9997608880056414
2026-03-14 21:00:00+00:00,0.9997606851853089
2026-03-14 21:05:00+00:00,0.9997606739174677
2026-03-14 21:10:00+00:00,0.9997606760027985
2026-03-14 21:15:00+00:00,0.9997605529315544
2026-03-14 21:20:00+00:00,0.9997605201367766
2026-03-14 21:25:00+00:00,0.9997605317146439
2026-03-14 21:30:00+00:00,0.9997605353973138
2026-03-14 21:35:00+00:00,0.9997605353973138
2026-03-14 21:40:00+00:00,0.9997605358992484
2026-03-14 21:45:00+00:00,0.9997606433107313
2026-03-14 21:50:00+00:00,0.9997606434134055
2026-03-14 21:55:00+00:00,0.9997606666663144
2026-03-14 22:00:00+00:00,0.9997606611653014
2026-03-14 22:05:00+00:00,0.9997606611653014
2026-03-14 22:10:00+00:00,0.9997606622630614
2026-03-14 22:15:00+00:00,0.9997606963221787
2026-03-14 22:20:00+00:00,0.999760697951868
2026-03-14 22:25:00+00:00,0.9997606814716712
2026-03-14 22:30:00+00:00,0.9997613569975399
2026-03-14 22:35:00+00:00,0.9997613572850789
2026-03-14 22:40:00+00:00,0.999761358659008
2026-03-14 22:45:00+00:00,0.9997613158564859
2026-03-14 22:50:00+00:00,0.9997614378145366
2026-03-14 22:55:00+00:00,0.9997614502993866
2026-03-14 23:00:00+00:00,0.9997614648725651
2026-03-14 23:05:00+00:00,0.9997614429344961
2026-03-14 23:10:00+00:00,0.9997614429344961
2026-03-14 23:15:00+00:00,0.9997604728459042
2026-03-14 23:20:00+00:00,0.9997605064539274
2026-03-14 23:25:00+00:00,0.9997605064539274
2026-03-14 23:30:00+00:00,0.9997605077670025
2026-03-14 23:35:00+00:00,0.9997599735373667
2026-03-14 23:40:00+00:00,0.9997599735373667
2026-03-14 23:45:00+00:00,0.9997599873291521
2026-03-14 23:50:00+00:00,0.9997599852527853
2026-03-14 23:55:00+00:00,0.9997599857343671
2026-03-15 00:00:00+00:00,0.9997596682018056
2026-03-15 00:05:00+00:00,0.999759678517043
2026-03-15 00:10:00+00:00,0.9997599953853197
2026-03-15 00:15:00+00:00,0.9997599966610333
2026-03-15 00:20:00+00:00,0.9997599248039286
2026-03-15 00:25:00+00:00,0.999759812340955
2026-03-15 00:30:00+00:00,0.9997598227538695
2026-03-15 00:35:00+00:00,0.9997598313367889
2026-03-15 00:40:00+00:00,0.9997598342856465
2026-03-15 00:45:00+00:00,0.9997598129543996
2026-03-15 00:50:00+00:00,0.9997598129543996
2026-03-15 00:55:00+00:00,0.9997598145447782
2026-03-15 01:00:00+00:00,0.9997599173398601
2026-03-15 01:05:00+00:00,0.9997832444322838
2026-03-15 01:10:00+00:00,0.9997832579041928
2026-03-15 01:15:00+00:00,0.999783198418742
2026-03-15 01:20:00+00:00,0.9997832024835683
2026-03-15 01:25:00+00:00,0.9997832024835683
2026-03-15 01:30:00+00:00,0.9997832201103147
2026-03-15 01:35:00+00:00,0.9997831612704282
2026-03-15 01:40:00+00:00,0.9997820917404271
2026-03-15 01:45:00+00:00,0.9997820917404271
2026-03-15 01:50:00+00:00,0.9997820329883218
2026-03-15 01:55:00+00:00,0.9997820329883218
2026-03-15 02:00:00+00:00,0.9997824331718919
2026-03-15 02:05:00+00:00,0.9997824280276707
2026-03-15 02:10:00+00:00,0.9997823835629616
2026-03-15 02:15:00+00:00,0.999777046630108
2026-03-15 02:20:00+00:00,0.999777046630108
2026-03-15 02:25:00+00:00,0.999777046630108
2026-03-15 02:30:00+00:00,0.9997769550338504
2026-03-15 02:35:00+00:00,0.9997769532647954
2026-03-15 02:40:00+00:00,0.9997769501574477
2026-03-15 02:45:00+00:00,0.9997769522113131
2026-03-15 02:50:00+00:00,0.9997769962115044
2026-03-15 02:55:00+00:00,0.9997770175891153
2026-03-15 03:00:00+00:00,0.9997769310200332
2026-03-15 03:05:00+00:00,0.999776680136334
2026-03-15 03:10:00+00:00,0.9997766639323612
2026-03-15 03:15:00+00:00,0.9997766552262474
2026-03-15 03:20:00+00:00,0.9997766007969421
2026-03-15 03:25:00+00:00,0.9997766006765028
2026-03-15 03:30:00+00:00,0.9997766006764985
2026-03-15 03:35:00+00:00,0.9997766007162541
2026-03-15 03:40:00+00:00,0.9997764457479199
2026-03-15 03:45:00+00:00,0.9997764457479199
2026-03-15 03:50:00+00:00,0.9997764736657602
2026-03-15 03:55:00+00:00,0.9997764017836638
2026-03-15 04:00:00+00:00,0.9997764266917373
2026-03-15 04:05:00+00:00,0.9997764267057869
2026-03-15 04:10:00+00:00,0.9997764361138579
2026-03-15 04:15:00+00:00,0.9997764361376325
2026-03-15 04:20:00+00:00,0.9997765390109369
2026-03-15 04:25:00+00:00,0.9997771345894799
2026-03-15 04:30:00+00:00,0.9997771460837903
2026-03-15 04:35:00+00:00,0.9997771461658181
2026-03-15 04:40:00+00:00,0.9997771420590027
2026-03-15 04:45:00+00:00,0.9997771501563106
2026-03-15 04:50:00+00:00,0.9997771589390592
2026-03-15 04:55:00+00:00,0.9997761139968221
2026-03-15 05:00:00+00:00,0.9997761139968221
2026-03-15 05:05:00+00:00,0.9997761139968221
2026-03-15 05:10:00+00:00,0.999776113359319
2026-03-15 05:15:00+00:00,0.9997761142057013
2026-03-15 05:20:00+00:00,0.9997760091140653
2026-03-15 05:25:00+00:00,0.9997746200722964
2026-03-15 05:30:00+00:00,0.9997746194067729
2026-03-15 05:35:00+00:00,0.9997745167986122
2026-03-15 05:40:00+00:00,0.9997745237323311
2026-03-15 05:45:00+00:00,0.9997747303863442
2026-03-15 05:50:00+00:00,0.9997745802811369
2026-03-15 05:55:00+00:00,0.9997741205085822
2026-03-15 06:00:00+00:00,0.9997741139148367
2026-03-15 06:05:00+00:00,0.9997741245167291
2026-03-15 06:10:00+00:00,0.9997741245167291
2026-03-15 06:15:00+00:00,0.9997741245167291
2026-03-15 06:20:00+00:00,0.9997741667234226
2026-03-15 06:25:00+00:00,0.9997737404247392
2026-03-15 06:30:00+00:00,0.9997737296274694
2026-03-15 06:35:00+00:00,0.9997737056114551
2026-03-15 06:40:00+00:00,0.9997737011613113
2026-03-15 06:45:00+00:00,0.9997736785447285
2026-03-15 06:50:00+00:00,0.9997732373413792
2026-03-15 06:55:00+00:00,0.9997729073368592
2026-03-15 07:00:00+00:00,0.9997729030728977
2026-03-15 07:05:00+00:00,0.9997729030728977
2026-03-15 07:10:00+00:00,0.9997729033954105
2026-03-15 07:15:00+00:00,0.9997728626008393
2026-03-15 07:20:00+00:00,0.9997723014709546
2026-03-15 07:25:00+00:00,0.9997723035200514
2026-03-15 07:30:00+00:00,0.9997723614603355
2026-03-15 07:35:00+00:00,0.9997723538817093
2026-03-15 07:40:00+00:00,0.9997722864762276
2026-03-15 07:45:00+00:00,0.9997722864762276
2026-03-15 07:50:00+00:00,0.9997721568421868
2026-03-15 07:55:00+00:00,0.9997721701905729
2026-03-15 08:00:00+00:00,0.9997721753081459
2026-03-15 08:05:00+00:00,0.9997721734109323
2026-03-15 08:10:00+00:00,0.9997950109092154
2026-03-15 08:15:00+00:00,0.9997950128094316
2026-03-15 08:20:00+00:00,0.9997950124890398
2026-03-15 08:25:00+00:00,0.9997950124890398
2026-03-15 08:30:00+00:00,0.9997950081942435
2026-03-15 08:35:00+00:00,0.9997950697746815
2026-03-15 08:40:00+00:00,0.9997949978333923
2026-03-15 08:45:00+00:00,0.9997950234314626
2026-03-15 08:50:00+00:00,0.9997938572547864
2026-03-15 08:55:00+00:00,0.9997938694919261
2026-03-15 09:00:00+00:00,0.999793849165267
2026-03-15 09:05:00+00:00,0.9997938093282519
2026-03-15 09:10:00+00:00,0.999793758766578
2026-03-15 09:15:00+00:00,0.9997946133926721
2026-03-15 09:20:00+00:00,0.9997946142809732
2026-03-15 09:25:00+00:00,0.9997946145560392
2026-03-15 09:30:00+00:00,0.9997946157683659
2026-03-15 09:35:00+00:00,0.9997941812764558
2026-03-15 09:40:00+00:00,0.9997941678320373
2026-03-15 09:45:00+00:00,0.9997941379518638
2026-03-15 09:50:00+00:00,0.9997941055352219
2026-03-15 09:55:00+00:00,0.9997940789012566
2026-03-15 10:00:00+00:00,0.9997941119385548
2026-03-15 10:05:00+00:00,0.9997941119385548
2026-03-15 10:10:00+00:00,0.9997941119385548
2026-03-15 10:15:00+00:00,0.9997941007532345
2026-03-15 10:20:00+00:00,0.9997937890907587
2026-03-15 10:25:00+00:00,0.9997932142748067
2026-03-15 10:30:00+00:00,0.9997932142748067
2026-03-15 10:35:00+00:00,0.9997931791372441
2026-03-15 10:40:00+00:00,0.9997931556282675
2026-03-15 10:45:00+00:00,0.999793158706413
2026-03-15 10:50:00+00:00,0.999793158706413
2026-03-15 10:55:00+00:00,0.9997931280694383
2026-03-15 11:00:00+00:00,0.9997930953016765
2026-03-15 11:05:00+00:00,0.9997930953016765
2026-03-15 11:10:00+00:00,0.9997930970194023
2026-03-15 11:15:00+00:00,0.9997930879205944
2026-03-15 11:20:00+00:00,0.9997930582807647
2026-03-15 11:25:00+00:00,0.9997930483097415
2026-03-15 11:30:00+00:00,0.9997930703360084
2026-03-15 11:35:00+00:00,0.9997930258450218
2026-03-15 11:40:00+00:00,0.9997928295946501
2026-03-15 11:45:00+00:00,0.9997923254867862
2026-03-15 11:50:00+00:00,0.9997943996003232
2026-03-15 11:55:00+00:00,0.9997943995879556
2026-03-15 12:00:00+00:00,0.9997942116301638
2026-03-15 12:05:00+00:00,0.9997942053954147
2026-03-15 12:10:00+00:00,0.999794208260699
2026-03-15 12:15:00+00:00,0.9997941516274447
2026-03-15 12:20:00+00:00,0.99979424620737
2026-03-15 12:25:00+00:00,0.9997942046229575
2026-03-15 12:30:00+00:00,0.9997942070858982
2026-03-15 12:35:00+00:00,0.9997942118655491
2026-03-15 12:40:00+00:00,0.9997931825107824
2026-03-15 12:45:00+00:00,0.9997931825107824
2026-03-15 12:50:00+00:00,0.999793182010732
2026-03-15 12:55:00+00:00,0.9997932127504647
2026-03-15 13:00:00+00:00,0.999793212759729
2026-03-15 13:05:00+00:00,0.999793212759729
2026-03-15 13:10:00+00:00,0.9997934232011728
2026-03-15 13:15:00+00:00,0.9997934244049594
2026-03-15 13:20:00+00:00,0.9997934146840861
2026-03-15 13:25:00+00:00,0.999793414681909
2026-03-15 13:30:00+00:00,0.9997921360743777
2026-03-15 13:35:00+00:00,0.9997917933755467
2026-03-15 13:40:00+00:00,0.9997919813791155
2026-03-15 13:45:00+00:00,0.9997919823115166
2026-03-15 13:50:00+00:00,0.9997919826613936
2026-03-15 13:55:00+00:00,0.9997919946679521
2026-03-15 14:00:00+00:00,0.9997919952653402
2026-03-15 14:05:00+00:00,0.999791996819376
2026-03-15 14:10:00+00:00,0.9997920000247756
2026-03-15 14:15:00+00:00,0.9997919885479041
2026-03-15 14:20:00+00:00,0.9997876792576509
2026-03-15 14:25:00+00:00,0.9997876787430029
2026-03-15 14:30:00+00:00,0.9997876787430029
2026-03-15 14:35:00+00:00,0.9997876268428277
2026-03-15 14:40:00+00:00,0.9997877032674568
2026-03-15 14:45:00+00:00,0.9997876991087705
2026-03-15 14:50:00+00:00,0.9997873185466433
2026-03-15 14:55:00+00:00,0.9997873117272323
2026-03-15 15:00:00+00:00,0.9997873117685906
2026-03-15 15:05:00+00:00,0.9997873094813653
2026-03-15 15:10:00+00:00,0.9997873318361877
2026-03-15 15:15:00+00:00,0.9997873048324266
2026-03-15 15:20:00+00:00,0.9997870865209171
2026-03-15 15:25:00+00:00,0.9997871509280728
2026-03-15 15:30:00+00:00,0.9997871642579037
2026-03-15 15:35:00+00:00,0.9997890393771108
2026-03-15 15:40:00+00:00,0.9997890542653101
2026-03-15 15:45:00+00:00,0.9997890546234562
2026-03-15 15:50:00+00:00,0.9997890629537477
2026-03-15 15:55:00+00:00,0.9997890384065343
2026-03-15 16:00:00+00:00,0.9997888954052809
2026-03-15 16:05:00+00:00,0.9997909600321812
2026-03-15 16:10:00+00:00,0.9997909703372083
2026-03-15 16:15:00+00:00,0.9997909824636347
2026-03-15 16:20:00+00:00,0.9997909863413543
2026-03-15 16:25:00+00:00,0.9997909771362087
2026-03-15 16:30:00+00:00,0.9997910021543339
2026-03-15 16:35:00+00:00,0.9997909911178593
2026-03-15 16:40:00+00:00,0.9997911038290425
2026-03-15 16:45:00+00:00,0.9997916564148631
2026-03-15 16:50:00+00:00,0.9997908890859593
2026-03-15 16:55:00+00:00,0.9997908945500203
2026-03-15 17:00:00+00:00,0.9997908945500203
2026-03-15 17:05:00+00:00,0.9997909206909911
2026-03-15 17:10:00+00:00,0.9997909395721146
2026-03-15 17:15:00+00:00,0.9997910179980701
2026-03-15 17:20:00+00:00,0.9997910320881631
2026-03-15 17:25:00+00:00,0.9997910210751567
2026-03-15 17:30:00+00:00,0.9997910136841606
2026-03-15 17:35:00+00:00,0.999790894404169
2026-03-15 17:40:00+00:00,0.9997908950431361
2026-03-15 17:45:00+00:00,0.9997908930692838
2026-03-15 17:50:00+00:00,0.9997909722111498
2026-03-15 17:55:00+00:00,0.9997904518165037
2026-03-15 18:00:00+00:00,0.9997905288954797
2026-03-15 18:05:00+00:00,0.9997905289057847
2026-03-15 18:10:00+00:00,0.9997902670040508
2026-03-15 18:15:00+00:00,0.9997901154153139
2026-03-15 18:20:00+00:00,0.9997901132439088
2026-03-15 18:25:00+00:00,0.9997901125746986
2026-03-15 18:30:00+00:00,0.9997900965924684
2026-03-15 18:35:00+00:00,0.9997900967747284
2026-03-15 18:40:00+00:00,0.9997900989574557
2026-03-15 18:45:00+00:00,0.9997901038280633
2026-03-15 18:50:00+00:00,0.9997892014219059
2026-03-15 18:55:00+00:00,0.9997892097643438
2026-03-15 19:00:00+00:00,0.9997945079606477
2026-03-15 19:05:00+00:00,0.9997946777031029
2026-03-15 19:10:00+00:00,0.99979467850682
2026-03-15 19:15:00+00:00,0.9997947050881144
2026-03-15 19:20:00+00:00,0.9997946745259009
2026-03-15 19:25:00+00:00,0.9997946772054452
2026-03-15 19:30:00+00:00,0.9997948191249406
2026-03-15 19:35:00+00:00,0.99979419704352
2026-03-15 19:40:00+00:00,0.9997938676111433
2026-03-15 19:45:00+00:00,0.9997938301215678
2026-03-15 19:50:00+00:00,0.9997935291576722
2026-03-15 19:55:00+00:00,0.9997935279760777
2026-03-15 20:00:00+00:00,0.99979362800512
2026-03-15 20:05:00+00:00,0.9997936244815928
2026-03-15 20:10:00+00:00,0.9997936224087184
2026-03-15 20:15:00+00:00,0.9997936406626332
2026-03-15 20:20:00+00:00,0.9997935343982716
2026-03-15 20:25:00+00:00,0.9997934525415657
2026-03-15 20:30:00+00:00,0.9997933881981976
2026-03-15 20:35:00+00:00,0.9997932742861764
2026-03-15 20:40:00+00:00,0.9997931993648301
2026-03-15 20:45:00+00:00,0.9997931585442565
2026-03-15 20:50:00+00:00,0.9997931350040005
2026-03-15 20:55:00+00:00,0.9997931090146582
2026-03-15 21:00:00+00:00,0.9997931376143192
2026-03-15 21:05:00+00:00,0.999793144709528
2026-03-15 21:10:00+00:00,0.999793154945111
2026-03-15 21:15:00+00:00,0.9997931448286514
2026-03-15 21:20:00+00:00,0.9997931623563026
2026-03-15 21:25:00+00:00,0.9997931394524633
2026-03-15 21:30:00+00:00,0.9997931533028751
2026-03-15 21:35:00+00:00,0.9997931635115926
2026-03-15 21:40:00+00:00,0.9997932437075204
2026-03-15 21:45:00+00:00,0.9997932676320864
2026-03-15 21:50:00+00:00,0.9997932673959102
2026-03-15 21:55:00+00:00,0.9997932680040668
2026-03-15 22:00:00+00:00,0.9997932718848876
2026-03-15 22:05:00+00:00,0.9997932679694723
2026-03-15 22:10:00+00:00,0.9997936385434428
2026-03-15 22:15:00+00:00,0.999793497591722
2026-03-15 22:20:00+00:00,0.9997940189735772
2026-03-15 22:25:00+00:00,0.9997940243323733
2026-03-15 22:30:00+00:00,0.999794059294506
2026-03-15 22:35:00+00:00,0.99979341341954
2026-03-15 22:40:00+00:00,0.9997927122357416
2026-03-15 22:45:00+00:00,0.9997920247697379
2026-03-15 22:50:00+00:00,0.9997908808467827
2026-03-15 22:55:00+00:00,0.9997908455561061
2026-03-15 23:00:00+00:00,0.9997678409423988
2026-03-15 23:05:00+00:00,0.9997671225215788
2026-03-15 23:10:00+00:00,0.9997571522970224
2026-03-15 23:15:00+00:00,0.9997521832405217
2026-03-15 23:20:00+00:00,0.9997522630507575
2026-03-15 23:25:00+00:00,0.9997523424205956
2026-03-15 23:30:00+00:00,0.9997523056002953
2026-03-15 23:35:00+00:00,0.9997523578739697
2026-03-15 23:40:00+00:00,0.9997525761687837
2026-03-15 23:45:00+00:00,0.9997523189116684
2026-03-15 23:50:00+00:00,0.9997523153413628
2026-03-15 23:55:00+00:00,0.9997520221702638
2026-03-16 00:00:00+00:00,0.9997521451041981
2026-03-16 00:05:00+00:00,0.9997516694794972
2026-03-16 00:10:00+00:00,0.9997516808509158
2026-03-16 00:15:00+00:00,0.9997517469516004
2026-03-16 00:20:00+00:00,0.9997518863781358
2026-03-16 00:25:00+00:00,0.9997521134682944
2026-03-16 00:30:00+00:00,0.9997343394235357
2026-03-16 00:35:00+00:00,0.9997343410332166
2026-03-16 00:40:00+00:00,0.9997344354536719
2026-03-16 00:45:00+00:00,0.9997345051843721
2026-03-16 00:50:00+00:00,0.9997344586634723
2026-03-16 00:55:00+00:00,0.9997344768244204
2026-03-16 01:00:00+00:00,0.999734419180211
2026-03-16 01:05:00+00:00,0.9997344336894729
2026-03-16 01:10:00+00:00,0.9997344265416047
2026-03-16 01:15:00+00:00,0.9997345271548522
2026-03-16 01:20:00+00:00,0.9997345039736674
2026-03-16 01:25:00+00:00,0.9997337225259997
2026-03-16 01:30:00+00:00,0.9997337229573535
2026-03-16 01:35:00+00:00,0.9997337416764831
2026-03-16 01:40:00+00:00,0.9997337626725349
2026-03-16 01:45:00+00:00,0.9997338434665078
2026-03-16 01:50:00+00:00,0.9997338621871495
2026-03-16 01:55:00+00:00,0.9997338873928476
2026-03-16 02:00:00+00:00,0.9997339202895482
2026-03-16 02:05:00+00:00,0.9997339243584327
2026-03-16 02:10:00+00:00,0.9997341084218578
2026-03-16 02:15:00+00:00,0.9997341084465226
2026-03-16 02:20:00+00:00,0.999734079066157
2026-03-16 02:25:00+00:00,0.9997340880843538
2026-03-16 02:30:00+00:00,0.99973408821707
2026-03-16 02:35:00+00:00,0.9997344507458624
2026-03-16 02:40:00+00:00,0.9997346413968743
2026-03-16 02:45:00+00:00,0.9997347523882318
2026-03-16 02:50:00+00:00,0.9997348854528377
2026-03-16 02:55:00+00:00,0.9997349648796796
2026-03-16 03:00:00+00:00,0.9997350688792623
2026-03-16 03:05:00+00:00,0.999735062143783
2026-03-16 03:10:00+00:00,0.999735224235521
2026-03-16 03:15:00+00:00,0.9997352256782638
2026-03-16 03:20:00+00:00,0.999757754367451
2026-03-16 03:25:00+00:00,0.9997574155881825
2026-03-16 03:30:00+00:00,0.9997574978730501
2026-03-16 03:35:00+00:00,0.9997816055718847
2026-03-16 03:40:00+00:00,0.9997766979142653
2026-03-16 03:45:00+00:00,0.9997767230793755
2026-03-16 03:50:00+00:00,0.9997766183559001
2026-03-16 03:55:00+00:00,0.9997957959221374
2026-03-16 04:00:00+00:00,0.9997957980280459
2026-03-16 04:05:00+00:00,0.9997957031854369
2026-03-16 04:10:00+00:00,0.9997985981169787
2026-03-16 04:15:00+00:00,0.9997984721887331
2026-03-16 04:20:00+00:00,0.9997984245464616
2026-03-16 04:25:00+00:00,0.9997992029310804
2026-03-16 04:30:00+00:00,0.9997991999944807
2026-03-16 04:35:00+00:00,0.9997992789817226
2026-03-16 04:40:00+00:00,0.9997992736766158
2026-03-16 04:45:00+00:00,0.999799256409541
2026-03-16 04:50:00+00:00,0.9997993571446872
2026-03-16 04:55:00+00:00,0.9997982374757283
2026-03-16 05:00:00+00:00,0.9997980134669435
2026-03-16 05:05:00+00:00,0.9997983610651762
2026-03-16 05:10:00+00:00,0.999798119039088
2026-03-16 05:15:00+00:00,0.9998101984472546
2026-03-16 05:20:00+00:00,0.999819311352771
2026-03-16 05:25:00+00:00,0.9998198068561108
2026-03-16 05:30:00+00:00,0.9998198068561108
2026-03-16 05:35:00+00:00,0.9998349010457726
2026-03-16 05:40:00+00:00,0.9998352804045486
2026-03-16 05:45:00+00:00,0.9998501064073398
2026-03-16 05:50:00+00:00,0.9998477052614074
2026-03-16 05:55:00+00:00,0.9998797329627285
2026-03-16 06:00:00+00:00,0.9998792535327831
2026-03-16 06:05:00+00:00,0.9998788828461329
2026-03-16 06:10:00+00:00,0.9998760720840458
2026-03-16 06:15:00+00:00,0.9998741337609334
2026-03-16 06:20:00+00:00,0.9998744834898173
2026-03-16 06:25:00+00:00,0.9998745456577274
2026-03-16 06:30:00+00:00,0.9998741754208839
2026-03-16 06:35:00+00:00,0.999874245801007
2026-03-16 06:40:00+00:00,0.9998742465644725
2026-03-16 06:45:00+00:00,0.9998741419092682
2026-03-16 06:50:00+00:00,0.9998744466977735
2026-03-16 06:55:00+00:00,0.9998745547481886
2026-03-16 07:00:00+00:00,0.9998746507405716
2026-03-16 07:05:00+00:00,0.9998746532001487
2026-03-16 07:10:00+00:00,0.9998746560839814
2026-03-16 07:15:00+00:00,0.9998747182371427
2026-03-16 07:20:00+00:00,0.9998741016047776
2026-03-16 07:25:00+00:00,0.9998726660174629
2026-03-16 07:30:00+00:00,0.999872660389665
2026-03-16 07:35:00+00:00,0.9998725968831607
2026-03-16 07:40:00+00:00,0.9998725397858451
2026-03-16 07:45:00+00:00,0.9998726943669405
2026-03-16 07:50:00+00:00,0.9998728995756825
2026-03-16 07:55:00+00:00,0.9998725411252589
2026-03-16 08:00:00+00:00,0.999872598451771
2026-03-16 08:05:00+00:00,0.9998718660090236
2026-03-16 08:10:00+00:00,0.9998716869220584
2026-03-16 08:15:00+00:00,0.9998717152031693
2026-03-16 08:20:00+00:00,0.9998716529210879
2026-03-16 08:25:00+00:00,0.9998722548551524
2026-03-16 08:30:00+00:00,0.9998720433145076
2026-03-16 08:35:00+00:00,0.9998721577819649
2026-03-16 08:40:00+00:00,0.9998720126885842
2026-03-16 08:45:00+00:00,0.9998719806636165
2026-03-16 08:50:00+00:00,0.9998721573395633
2026-03-16 08:55:00+00:00,0.9998718016279659
2026-03-16 09:00:00+00:00,0.9998718347060847
2026-03-16 09:05:00+00:00,0.9998718583647501
2026-03-16 09:10:00+00:00,0.9998721615568318
2026-03-16 09:15:00+00:00,0.9998721758563242
2026-03-16 09:20:00+00:00,0.9998721812114464
2026-03-16 09:25:00+00:00,0.9998729879118918
2026-03-16 09:30:00+00:00,0.9998730409646407
2026-03-16 09:35:00+00:00,0.999871817194483
2026-03-16 09:40:00+00:00,0.9998722140414997
2026-03-16 09:45:00+00:00,0.9998721287819168
2026-03-16 09:50:00+00:00,0.9998721338123445
2026-03-16 09:55:00+00:00,0.9998718936626585
2026-03-16 10:00:00+00:00,0.9998718750248407
2026-03-16 10:05:00+00:00,0.999871829852533
2026-03-16 10:10:00+00:00,0.9998718049952963
2026-03-16 10:15:00+00:00,0.9998718049952963
2026-03-16 10:20:00+00:00,0.999871812690592
2026-03-16 10:25:00+00:00,0.9998718019634659
2026-03-16 10:30:00+00:00,0.9998718187219714
2026-03-16 10:35:00+00:00,0.9998722717655791
2026-03-16 10:40:00+00:00,0.9998720420991284
2026-03-16 10:45:00+00:00,0.9998719350589075
2026-03-16 10:50:00+00:00,0.999871937232199
2026-03-16 10:55:00+00:00,0.9998716887090855
2026-03-16 11:00:00+00:00,0.9998717221018176
2026-03-16 11:05:00+00:00,0.9998716996164828
2026-03-16 11:10:00+00:00,0.9998716721440166
2026-03-16 11:15:00+00:00,0.9998716638979914
2026-03-16 11:20:00+00:00,0.9998717738954679
2026-03-16 11:25:00+00:00,0.9998714357102955
2026-03-16 11:30:00+00:00,0.9998713468542649
2026-03-16 11:35:00+00:00,0.9998713463051307
2026-03-16 11:40:00+00:00,0.9998713526113631
2026-03-16 11:45:00+00:00,0.9998713254478148
2026-03-16 11:50:00+00:00,0.9998713037925762
2026-03-16 11:55:00+00:00,0.9998713128782553
2026-03-16 12:00:00+00:00,0.9998713155142718
2026-03-16 12:05:00+00:00,0.999871318740039
2026-03-16 12:10:00+00:00,0.9998713200864267
2026-03-16 12:15:00+00:00,0.9998707995149902
2026-03-16 12:20:00+00:00,0.9998708153655406
2026-03-16 12:25:00+00:00,0.9998703991396599
2026-03-16 12:30:00+00:00,0.9998705045614008
2026-03-16 12:35:00+00:00,0.9998707445338266
2026-03-16 12:40:00+00:00,0.9998722838513747
2026-03-16 12:45:00+00:00,0.9998743916405516
2026-03-16 12:50:00+00:00,0.9998743913655073
2026-03-16 12:55:00+00:00,0.9998743432729191
2026-03-16 13:00:00+00:00,0.9998743127017691
2026-03-16 13:05:00+00:00,0.9998744538431642
2026-03-16 13:10:00+00:00,0.9998744075994964
2026-03-16 13:15:00+00:00,0.9998745147390614
2026-03-16 13:20:00+00:00,0.9998746592113708
2026-03-16 13:25:00+00:00,0.9998745586125013
2026-03-16 13:30:00+00:00,0.9998743830089876
2026-03-16 13:35:00+00:00,0.9998743678578227
2026-03-16 13:40:00+00:00,0.999874430201807
2026-03-16 13:45:00+00:00,0.9998744433828461
2026-03-16 13:50:00+00:00,0.9998730635094099
2026-03-16 13:55:00+00:00,0.9998730414482072
2026-03-16 14:00:00+00:00,0.999873118255453
2026-03-16 14:05:00+00:00,0.9998727153832883
2026-03-16 14:10:00+00:00,0.9998727417645286
2026-03-16 14:15:00+00:00,0.9998729739095619
2026-03-16 14:20:00+00:00,0.9998729668359452
2026-03-16 14:25:00+00:00,0.9998731238146842
2026-03-16 14:30:00+00:00,0.9998726933038761
2026-03-16 14:35:00+00:00,0.9998737341848695
2026-03-16 14:40:00+00:00,0.9998739783330893
2026-03-16 14:45:00+00:00,0.999879194515047
2026-03-16 14:50:00+00:00,0.9998821153353327
2026-03-16 14:55:00+00:00,0.999881846483517
2026-03-16 15:00:00+00:00,0.999881402875674
2026-03-16 15:05:00+00:00,0.9998814009778711
2026-03-16 15:10:00+00:00,0.9998815176550685
2026-03-16 15:15:00+00:00,0.9998814754812043
2026-03-16 15:20:00+00:00,0.9998814342761451
2026-03-16 15:25:00+00:00,0.9998814342761451
2026-03-16 15:30:00+00:00,0.9998818312686225
2026-03-16 15:35:00+00:00,0.9998815297071328
2026-03-16 15:40:00+00:00,0.9998816778235442
2026-03-16 15:45:00+00:00,0.9998817922297636
2026-03-16 15:50:00+00:00,0.9998817708146001
2026-03-16 15:55:00+00:00,0.9998817489992988
2026-03-16 16:00:00+00:00,0.9998817592838695
2026-03-16 16:05:00+00:00,0.9998817272522786
2026-03-16 16:10:00+00:00,0.9998812988900951
2026-03-16 16:15:00+00:00,0.9998812947425623
2026-03-16 16:20:00+00:00,0.9998803386481542
2026-03-16 16:25:00+00:00,0.9998797310402506
2026-03-16 16:30:00+00:00,0.9998797534513081
2026-03-16 16:35:00+00:00,0.9998797522843715
2026-03-16 16:40:00+00:00,0.9998797320232006
2026-03-16 16:45:00+00:00,0.9998770777410464
2026-03-16 16:50:00+00:00,0.9998770784016702
2026-03-16 16:55:00+00:00,0.9998779301558743
2026-03-16 17:00:00+00:00,0.9998776120392929
2026-03-16 17:05:00+00:00,0.999877570657944
2026-03-16 17:10:00+00:00,0.9998775956897746
2026-03-16 17:15:00+00:00,0.9998776767776689
2026-03-16 17:20:00+00:00,0.9998776927629912
2026-03-16 17:25:00+00:00,0.9998700898584365
2026-03-16 17:30:00+00:00,0.9998699595758271
2026-03-16 17:35:00+00:00,0.9998695204624792
2026-03-16 17:40:00+00:00,0.9998700936528593
2026-03-16 17:45:00+00:00,0.9998710571886468
2026-03-16 17:50:00+00:00,0.9998635901768791
2026-03-16 17:55:00+00:00,0.9998635969114962
2026-03-16 18:00:00+00:00,0.9998626720295231
2026-03-16 18:05:00+00:00,0.9998626321881224
2026-03-16 18:10:00+00:00,0.9998625139696726
2026-03-16 18:15:00+00:00,0.999854763050499
2026-03-16 18:20:00+00:00,0.9998548701242197
2026-03-16 18:25:00+00:00,0.9998552695528407
2026-03-16 18:30:00+00:00,0.9998553897554613
2026-03-16 18:35:00+00:00,0.9998553397674921
2026-03-16 18:40:00+00:00,0.9998551712298435
2026-03-16 18:45:00+00:00,0.999855230414817
2026-03-16 18:50:00+00:00,0.999854997355765
2026-03-16 18:55:00+00:00,0.999855015170228
2026-03-16 19:00:00+00:00,0.9998554510354491
2026-03-16 19:05:00+00:00,0.9998563218957702
2026-03-16 19:10:00+00:00,0.9998562198129384
2026-03-16 19:15:00+00:00,0.999856336494662
2026-03-16 19:20:00+00:00,0.9998563850742039
2026-03-16 19:25:00+00:00,0.9998556036008289
2026-03-16 19:30:00+00:00,0.9998556418142167
2026-03-16 19:35:00+00:00,0.9998504378176526
2026-03-16 19:40:00+00:00,0.9998504401316828
2026-03-16 19:45:00+00:00,0.9998504509870996
2026-03-16 19:50:00+00:00,0.9998504486546181
2026-03-16 19:55:00+00:00,0.9998504733071792
2026-03-16 20:00:00+00:00,0.9998488968422359
2026-03-16 20:05:00+00:00,0.9998484959899596
2026-03-16 20:10:00+00:00,0.9998485448463712
2026-03-16 20:15:00+00:00,0.9998480209964491
2026-03-16 20:20:00+00:00,0.999848106393496
2026-03-16 20:25:00+00:00,0.9998481480653009
2026-03-16 20:30:00+00:00,0.9998481513730982
2026-03-16 20:35:00+00:00,0.9998478255873257
2026-03-16 20:40:00+00:00,0.9998450342844235
2026-03-16 20:45:00+00:00,0.9998449942853519
2026-03-16 20:50:00+00:00,0.999845452960421
2026-03-16 20:55:00+00:00,0.9998457320974042
2026-03-16 21:00:00+00:00,0.9998452843067032
2026-03-16 21:05:00+00:00,0.9998452143461596
2026-03-16 21:10:00+00:00,0.9998451885820702
2026-03-16 21:15:00+00:00,0.9998453133486795
2026-03-16 21:20:00+00:00,0.9998452199088153
2026-03-16 21:25:00+00:00,0.9998427870002795
2026-03-16 21:30:00+00:00,0.9998415797104299
2026-03-16 21:35:00+00:00,0.9998415388856445
2026-03-16 21:40:00+00:00,0.9998418623799683
2026-03-16 21:45:00+00:00,0.9998418858313887
2026-03-16 21:50:00+00:00,0.9998410126825806
2026-03-16 21:55:00+00:00,0.9998405115595957
2026-03-16 22:00:00+00:00,0.999840485892379
2026-03-16 22:05:00+00:00,0.9998403714132239
2026-03-16 22:10:00+00:00,0.9998405328018984
2026-03-16 22:15:00+00:00,0.9998405456571023
2026-03-16 22:20:00+00:00,0.9998406117671109
2026-03-16 22:25:00+00:00,0.9998406569962238
2026-03-16 22:30:00+00:00,0.9998406020144192
2026-03-16 22:35:00+00:00,0.9998406692110123
2026-03-16 22:40:00+00:00,0.9998408350941977
2026-03-16 22:45:00+00:00,0.9998407107057805
2026-03-16 22:50:00+00:00,0.9998407306443537
2026-03-16 22:55:00+00:00,0.9998407553718582
2026-03-16 23:00:00+00:00,0.9998408008839631
2026-03-16 23:05:00+00:00,0.9998414673208982
2026-03-16 23:10:00+00:00,0.9998414544890065
2026-03-16 23:15:00+00:00,0.9998415290740664
2026-03-16 23:20:00+00:00,0.9998416221353725
2026-03-16 23:25:00+00:00,0.9998416594977327
2026-03-16 23:30:00+00:00,0.9998417101867927
2026-03-16 23:35:00+00:00,0.999841706991029
2026-03-16 23:40:00+00:00,0.9998416683974054
2026-03-16 23:45:00+00:00,0.9998416544369433
2026-03-16 23:50:00+00:00,0.9998416867510705
2026-03-16 23:55:00+00:00,0.9998420597875923
2026-03-17 00:00:00+00:00,0.9998421800309988
